"Type","URL","Primary keyword","Intent","Status"
"Page","/","custom varsity jackets","Commercial","Mapped"
"Page","/about","Jacketee custom jacket factory","Brand","Mapped"
"Page","/blog","custom jacket guides","Informational","Mapped"
"Blog","/blog/7-ways-personalise-varsity-jacket-beyond-standard-letter","7 ways to personalise a varsity jacket beyond the standard letter","Informational","Mapped"
"Blog","/blog/all-leather-vs-wool-leather-varsity-jacket","all-leather vs wool-and-leather varsity jackets","Informational","Mapped"
"Blog","/blog/are-varsity-jackets-professional-enough-for-business-events","are varsity jackets professional enough for business events","Informational","Mapped"
"Blog","/blog/best-jackets-school-uniforms-buying-guide","best jackets for school uniforms what to look for before you order","Informational","Mapped"
"Blog","/blog/bomber-vs-varsity-vs-puffer-jacket-guide-2025","bomber vs varsity vs puffer which jacket should you buy in 2025","Informational","Mapped"
"Blog","/blog/can-you-wear-a-varsity-jacket-after-high-school-or-college","can you wear a varsity jacket after high school or college","Informational","Mapped"
"Blog category","/blog/category/bulk-orders","bulk orders articles","Informational","Mapped"
"Blog category","/blog/category/buying-guides","buying guides articles","Informational","Mapped"
"Blog category","/blog/category/care-guides","care guides articles","Informational","Mapped"
"Blog category","/blog/category/corporate-style","corporate style articles","Informational","Mapped"
"Blog category","/blog/category/custom-jackets","custom jackets articles","Informational","Mapped"
"Blog category","/blog/category/decoration","decoration articles","Informational","Mapped"
"Blog category","/blog/category/group-orders","group orders articles","Informational","Mapped"
"Blog category","/blog/category/how-to","how to articles","Informational","Mapped"
"Blog category","/blog/category/private-label","private label articles","Informational","Mapped"
"Blog category","/blog/category/sizing","sizing articles","Informational","Mapped"
"Blog category","/blog/category/style-guides","style guides articles","Informational","Mapped"
"Blog category","/blog/category/style-trends","style & trends articles","Informational","Mapped"
"Blog category","/blog/category/varsity-jacket-guides","varsity jacket guides articles","Informational","Mapped"
"Blog","/blog/coach-jacket-vs-bomber-jacket-corporate-uniforms","coach jacket vs bomber jacket which works better for corporate uniforms","Informational","Mapped"
"Blog","/blog/corporate-away-day-uniforms-custom-jacket-vs-polo","corporate away day uniforms why a custom jacket beats a polo every time","Informational","Mapped"
"Blog","/blog/cotton-twill-varsity-jackets-guide","cotton twill varsity jackets lightweight everyday guide","Informational","Mapped"
"Blog","/blog/custom-graduation-jackets-schools-replacing-gowns-lettermans","custom graduation jackets how schools are replacing gowns with lettermans","Informational","Mapped"
"Blog","/blog/custom-jackets-corporate-team-multiple-locations","how to order custom jackets for a corporate team across multiple locations","Informational","Mapped"
"Blog","/blog/custom-jackets-event-merchandise-people-keep","how to use custom jackets as event merchandise people actually keep","Informational","Mapped"
"Blog","/blog/design-your-own-custom-jacket-online","design your own custom jacket online workflow from colors to proof","Informational","Mapped"
"Blog","/blog/difference-between-cheap-and-expensive-custom-jacket-what-you-pay-for","the difference between a 50 jacket and a 150 jacket what you're actually paying for","Informational","Mapped"
"Blog","/blog/do-colleges-and-universities-still-use-varsity-jackets","do colleges and universities still use varsity jackets","Informational","Mapped"
"Blog","/blog/genuine-leather-vs-faux-leather-sleeves-custom-jacket","genuine leather vs faux leather sleeves what's the real difference","Informational","Mapped"
"Blog","/blog/group-jacket-orders-manage-approvals-sizes-payments","group jacket orders how to manage approvals sizes & payments as a team","Informational","Mapped"
"Blog","/blog/hooded-varsity-jackets-guide","hooded varsity jackets modern letterman style guide","Informational","Mapped"
"Blog","/blog/how-jacketee-quality-check-works-before-order-ships","how our quality check works before your order ships","Informational","Mapped"
"Blog","/blog/how-long-does-a-custom-jacket-order-take-production-shipping-timelines-explained","how long does a custom jacket order take production & shipping timelines explained","Informational","Mapped"
"Blog","/blog/how-to-choose-custom-varsity-jacket-size","how to choose the right size for a custom varsity jacket","Informational","Mapped"
"Blog","/blog/how-to-clean-a-varsity-jacket","how to clean a letter jacket varsity jacket care guide","Informational","Mapped"
"Blog","/blog/how-to-store-varsity-jacket-between-seasons","how to store your jacket between seasons without damaging it","Informational","Mapped"
"Blog","/blog/how-to-style-a-varsity-jacket-for-work-or-business-casual","how to style a varsity jacket for work or business casual","Informational","Mapped"
"Blog","/blog/how-to-write-design-brief-custom-jacket-order","how to write a design brief for your custom jacket order with examples","Informational","Mapped"
"Blog","/blog/is-it-weird-to-wear-a-letterman-jacket-in-college","is it weird to wear a letterman jacket in college","Informational","Mapped"
"Blog","/blog/leather-vs-coated-bomber-jacket","how to choose between leather and coated bomber jackets","Informational","Mapped"
"Blog","/blog/letterman-patches-chenille-embroidery-guide","letterman patches chenille embroidery and tackle twill explained","Informational","Mapped"
"Blog","/blog/most-popular-varsity-jacket-colour-combinations","the most popular varsity jacket colour combinations right now","Informational","Mapped"
"Blog","/blog/order-staff-jackets-large-outdoor-event","how to order staff jackets for a large outdoor event without the stress","Informational","Mapped"
"Blog","/blog/oversized-vs-fitted-jacket-silhouette-team","oversized vs fitted which jacket silhouette is right for your team","Informational","Mapped"
"Blog","/blog/private-label-varsity-jackets-how-brands-can-build-their-own-jacket-line","private label varsity jackets how brands can build their own jacket line","Informational","Mapped"
"Blog","/blog/private-label-vs-custom-jacket-orders-what-is-the-difference","private label vs custom jacket orders what is the difference","Informational","Mapped"
"Blog","/blog/puffer-vs-fleece-hoodie-cold-weather-group-orders","puffer vs fleece hoodie which is better for cold weather group orders","Informational","Mapped"
"Blog","/blog/retro-varsity-jackets-guide","retro varsity jackets classic style patches and color ideas","Informational","Mapped"
"Blog","/blog/satin-varsity-jackets-guide","satin varsity jackets lightweight style guide","Informational","Mapped"
"Blog","/blog/sports-teams-custom-jackets-award-nights-banquets","why sports teams are ordering custom jackets for award nights & banquets","Informational","Mapped"
"Blog","/blog/streetwear-brands-custom-varsity-jackets-brand-identity","how streetwear brands are using custom varsity jackets to build identity","Informational","Mapped"
"Blog","/blog/ultimate-jacket-buying-guide-first-time-shoppers","the ultimate jacket buying guide for first-time shoppers","Informational","Mapped"
"Blog","/blog/varsity-jacket-brand-launch-checklist-labels-samples-packaging-and-reorders","varsity jacket brand launch checklist labels samples packaging and reorders","Informational","Mapped"
"Blog","/blog/varsity-jacket-vs-bomber-jacket-which-one-right-for-team","varsity jacket vs bomber jacket which one is right for your team","Informational","Mapped"
"Blog","/blog/varsity-jacket-vs-letterman-jacket","varsity jacket vs letterman jacket what's the difference","Informational","Mapped"
"Blog","/blog/varsity-jackets-for-academic-achievement-not-just-sports","varsity jackets for academic achievement not just sports","Informational","Mapped"
"Blog","/blog/varsity-jackets-trends-2025","varsity jacket trends for 2025 and 2026 colors fabrics and branding","Informational","Mapped"
"Blog","/blog/what-does-a-custom-jacket-cost-pricing-guide-for-schools-teams-brands","what does a custom jacket cost pricing guide for schools teams & brands","Informational","Mapped"
"Blog","/blog/what-does-a-varsity-jacket-represent-today","what does a varsity jacket represent today","Informational","Mapped"
"Blog","/blog/what-is-a-bomber-jacket","what is a bomber jacket history fit and how it differs from a varsity jacket","Informational","Mapped"
"Blog","/blog/what-jacket-colour-says-about-team-brand","what your jacket colour says about your team or brand","Informational","Mapped"
"Blog","/blog/what-to-do-if-jacket-patch-peeling-loosening","what to do if your jacket patch starts to peel or loosen","Informational","Mapped"
"Blog","/blog/what-to-put-on-a-varsity-jacket","what to put on a varsity jacket names numbers logos & patches","Informational","Mapped"
"Blog","/blog/wholesale-custom-jackets-schools-teams","wholesale custom jackets for schools teams and corporate programs","Informational","Mapped"
"Blog","/blog/why-jacket-fit-matters-how-to-get-it-right","why jacket fit matters more than you think and how to get it right","Informational","Mapped"
"Blog","/blog/wool-vs-twill-body-fabric-custom-jacket","wool vs twill body which fabric should you choose for your custom jacket","Informational","Mapped"
"Category","/bomber-jackets","custom bomber jacket","Commercial","Mapped"
"Product","/bomber-jackets/black-nylon-bomber-jacket","black nylon bomber jacket for mens","Transactional","Mapped"
"Product","/bomber-jackets/bomber-jacket-with-piping-satin-women-girls-mens","bomber jacket with piping satin women girls mens","Transactional","Mapped"
"Product","/bomber-jackets/camel-brown-suede-leather-bomber-jacket","camel brown suede leather bomber jacket","Transactional","Mapped"
"Product","/bomber-jackets/leather-jacket-bomber-sheep-mens","leather jacket bomber sheep mens","Transactional","Mapped"
"Product","/bomber-jackets/red-satin-bomber-jacket","red satin bomber jacket","Transactional","Mapped"
"Product","/bomber-jackets/red-sheep-leather-bomber-jacket","red sheep leather bomber jacket","Transactional","Mapped"
"Product","/bomber-jackets/royal-blue-nylon-bomber-jacket","nylon bomber jacket in royal blue","Transactional","Mapped"
"Product","/bomber-jackets/royal-blue-softshell-bomber-jacket","royal blue soft-shell bomber jacket","Transactional","Mapped"
"Product","/bomber-jackets/sky-blue-satin-bomber-jacket-womens","sky blue satin bomber jacket women","Transactional","Mapped"
"Product","/bomber-jackets/softshell-bomber-jacket-with-panels","stylish softshell bomber jacket with panels","Transactional","Mapped"
"Product","/bomber-jackets/stylish-black-sheep-leather-bomber-jacket","stylish black sheep leather bomber jacket","Transactional","Mapped"
"Page","/bulk-orders","bulk varsity jackets","Commercial","Mapped"
"Page","/bulk-orders/cheer","custom cheer jackets","Commercial","Mapped"
"Page","/bulk-orders/corporate","corporate varsity jackets","Commercial","Mapped"
"Page","/bulk-orders/private-label","private label jackets","Commercial","Mapped"
"Page","/bulk-orders/schools","school letterman jackets","Commercial","Mapped"
"Page","/bulk-orders/senior-class","senior class jackets","Commercial","Mapped"
"Page","/bulk-orders/sorority-fraternity","sorority and fraternity jackets","Commercial","Mapped"
"Category","/coach-jackets","custom coach jacket","Commercial","Mapped"
"Product","/coach-jackets/black-coach-jacket","black coach jacket","Transactional","Mapped"
"Product","/coach-jackets/black-orange-hooded-jacket","black & orange hooded jacket","Transactional","Mapped"
"Product","/coach-jackets/coach-jacket-red-nylon-twill","coach jacket red nylon twill","Transactional","Mapped"
"Product","/coach-jackets/high-school-football-coach-navy-coach-jacket-sideline","high school football coach navy coach jacket sideline","Transactional","Mapped"
"Product","/coach-jackets/royal-blue-coach-jacket-for-men-and-women","royal blue coach jacket for men and women","Transactional","Mapped"
"Product","/coach-jackets/screen-print-coach-jacket","screen print coach jacket","Transactional","Mapped"
"Page","/contact","contact Jacketee","Support","Mapped"
"Page","/cookie-policy","Jacketee cookie policy","Legal","Mapped"
"Page","/custom-bomber-jackets","design your own bomber jacket","Commercial","Mapped"
"Page","/custom-coach-jackets","personalized coach jackets","Commercial","Mapped"
"Page","/custom-denim-jackets","embroidered denim jackets","Commercial","Mapped"
"Page","/custom-hoodies","custom leavers hoodies","Commercial","Mapped"
"Page","/custom-letterman-jackets","design your own letterman jacket","Commercial","Mapped"
"Page","/custom-puffer-jackets","custom logo puffer jackets","Commercial","Mapped"
"Category","/denim-jackets","custom denim jacket","Commercial","Mapped"
"Product","/denim-jackets/blue-denim-jacket","blue denim jacket","Transactional","Mapped"
"Product","/denim-jackets/custom-denim-jacket-for-mens","custom denim jacket for mens","Transactional","Mapped"
"Product","/denim-jackets/denim-jacket-for-mens-and-women","denim jacket for mens and women","Transactional","Mapped"
"Product","/denim-jackets/stylish-denim-jacket-for-womens","stylish denim jacket for womens","Transactional","Mapped"
"Page","/faq","Jacketee frequently asked questions","Support","Mapped"
"Category","/fleece-hoodies","custom fleece hoodies","Commercial","Mapped"
"Product","/fleece-hoodies/big-tackle-twill-letters-on-hoodie","big tackle twill letters on hoodie","Transactional","Mapped"
"Product","/fleece-hoodies/chenille-hoodie-chest-badge-circle","chenille hoodie chest badge circle","Transactional","Mapped"
"Product","/fleece-hoodies/customizable-zipper-fleece-hoodie-in-red","customizable zipper fleece hoodie in red","Transactional","Mapped"
"Product","/fleece-hoodies/dtf-print-on-hoodie","dtf print on hoodie","Transactional","Mapped"
"Product","/fleece-hoodies/fleece-leavers-hoodie-cream-navy-athletic-gold","fleece leavers hoodie cream navy athletic gold","Transactional","Mapped"
"Product","/fleece-hoodies/seniors-zipper-fleece-hoodie-in-royal-blue-and-light-grey","seniors zipper fleece hoodie in royal blue and light grey","Transactional","Mapped"
"Product","/fleece-hoodies/wool-and-leather-hoodie","wool and leather hoodie","Transactional","Mapped"
"Product","/fleece-hoodies/yorkshire-felt-lettering-on-hoodie","yorkshire felt lettering on hoodie","Transactional","Mapped"
"Category","/leather-jackets","custom leather jacket","Commercial","Mapped"
"Page","/materials-colors","varsity jacket materials and colors","Informational","Mapped"
"Page","/patches-embroidery","chenille patches for letterman jackets","Commercial","Mapped"
"Page","/privacy-policy","Jacketee privacy policy","Legal","Mapped"
"Category","/puffer-jackets","custom puffer jacket","Commercial","Mapped"
"Product","/puffer-jackets/black-puffer-jacket-for-mens","black puffer jacket for mens","Transactional","Mapped"
"Product","/puffer-jackets/colorblock-puffer-jacket-for-men-and-women","colorblock puffer jacket for men and women","Transactional","Mapped"
"Product","/puffer-jackets/navy-blue-puffer-jacket","navy blue puffer jacket","Transactional","Mapped"
"Product","/puffer-jackets/puffer-jacket-zippered-black","custom puffer jacket in black","Transactional","Mapped"
"Product","/puffer-jackets/red-puffer-jacket-for-mens-and-women","red puffer jacket for mens and women","Transactional","Mapped"
"Page","/returns","Jacketee returns policy","Support","Mapped"
"Page","/shipping","Jacketee shipping information","Support","Mapped"
"Page","/shop","custom jackets online","Commercial","Mapped"
"Page","/size-guide","jacket size guide","Informational","Mapped"
"Page","/terms-of-service","Jacketee terms of service","Legal","Mapped"
"Page","/track-order","track Jacketee order","Support","Mapped"
"Category","/varsity-jackets","personalized letterman jackets","Commercial","Mapped"
"Category","/varsity-jackets/all-leather","all leather varsity jacket","Commercial","Mapped"
"Product","/varsity-jackets/all-leather/all-black-nappa-leather-letterman-jacket","luxurious all-black nappa leather letterman jacket","Transactional","Mapped"
"Product","/varsity-jackets/all-leather/all-leather-nappa-varsity-jacket-gold-black","all-leather nappa varsity jacket gold & black","Transactional","Mapped"
"Product","/varsity-jackets/all-leather/premium-nappa-leather-letterman-jacket-red-gold","premium nappa leather letterman jacket red & gold","Transactional","Mapped"
"Category","/varsity-jackets/all-wool","all wool varsity jacket","Commercial","Mapped"
"Product","/varsity-jackets/all-wool/baby-pink-sky-blue-wool-varsity-jacket-women","baby pink & sky blue wool varsity jacket","Transactional","Mapped"
"Product","/varsity-jackets/all-wool/baby-pink-varsity-jackets","baby pink varsity jackets","Transactional","Mapped"
"Product","/varsity-jackets/all-wool/black-and-red-wool-varsity-jacket","black and red wool varsity jacket","Transactional","Mapped"
"Product","/varsity-jackets/all-wool/cardinal-wool-varsity-jacket","cardinal wool varsity jacket","Transactional","Mapped"
"Product","/varsity-jackets/all-wool/classic-melton-wool-varsity-letterman-jackets-high-schools","classic maroon all-wool varsity jacket","Transactional","Mapped"
"Product","/varsity-jackets/all-wool/gold-wool-varsity-jacket","gold wool varsity jacket","Transactional","Mapped"
"Product","/varsity-jackets/all-wool/green-wool-varsity-jacket","green wool varsity jacket","Transactional","Mapped"
"Product","/varsity-jackets/all-wool/grey-wool-varsity-jacket","grey wool varsity jacket","Transactional","Mapped"
"Product","/varsity-jackets/all-wool/navy-blue-wool-letterman-jacket","navy blue wool letterman jacket","Transactional","Mapped"
"Product","/varsity-jackets/all-wool/orange-white-wool-varsity-jacket","orange & white wool varsity jacket","Transactional","Mapped"
"Product","/varsity-jackets/all-wool/red-and-royal-blue-wool-varsity-jacket","red and royal blue wool varsity jacket","Transactional","Mapped"
"Product","/varsity-jackets/all-wool/red-wool-letterman-jacket","red wool letterman jacket","Transactional","Mapped"
"Product","/varsity-jackets/all-wool/sky-blue-wool-varsity-jacket","sky blue wool varsity jacket","Transactional","Mapped"
"Category","/varsity-jackets/cotton-twill","cotton twill varsity jacket","Commercial","Mapped"
"Product","/varsity-jackets/cotton-twill/denim-varsity-jacket-cotton-twill-sleeves","denim varsity jacket cotton twill sleeves","Transactional","Mapped"
"Product","/varsity-jackets/cotton-twill/lightweight-cotton-varsity-jacket","lightweight cotton varsity jacket","Transactional","Mapped"
"Product","/varsity-jackets/cotton-twill/red-and-white-cotton-twill-jacket","red and white cotton twill jacket","Transactional","Mapped"
"Product","/varsity-jackets/cotton-twill/red-cotton-varsity-jacket","red cotton varsity jacket","Transactional","Mapped"
"Category","/varsity-jackets/faux-leather","faux leather varsity jacket","Commercial","Mapped"
"Product","/varsity-jackets/faux-leather/black-wool-and-cream-vegan-leather-jacket","black wool and cream vegan leather jacket","Transactional","Mapped"
"Product","/varsity-jackets/faux-leather/black-wool-and-red-faux-leather-sleeves-letterman-jacket","black wool and red faux leather sleeves letterman jacket","Transactional","Mapped"
"Product","/varsity-jackets/faux-leather/black-wool-and-white-faux-leather-sleeves-varsity-jacket","black wool and white faux leather sleeves varsity jacket","Transactional","Mapped"
"Product","/varsity-jackets/faux-leather/blue-orange-vinyl-sleeves-letterman-jacket","blue & orange vinyl sleeves letterman jacket","Transactional","Mapped"
"Product","/varsity-jackets/faux-leather/dark-green-wool-and-black-faux-leather-sleeves-letterman-jacket","dark green wool and black faux leather sleeves letterman jacket","Transactional","Mapped"
"Product","/varsity-jackets/faux-leather/heather-gray-wool-vinyl-sleeves-jacket","heather gray wool vinyl sleeves jacket","Transactional","Mapped"
"Product","/varsity-jackets/faux-leather/red-wool-and-black-faux-leather-sleeves-letterman-jacket","red wool and black faux leather sleeves letterman jacket","Transactional","Mapped"
"Product","/varsity-jackets/faux-leather/vegan-pu-letterman-jacket-eco-friendly","vegan pu letterman jacket eco friendly","Transactional","Mapped"
"Category","/varsity-jackets/fleece","fleece varsity jacket","Commercial","Mapped"
"Product","/varsity-jackets/fleece/cotton-fleece-varsity-jackets-schools-seniors-affordable","cotton fleece varsity jackets schools seniors affordable","Transactional","Mapped"
"Category","/varsity-jackets/hooded","hooded varsity jacket","Commercial","Mapped"
"Product","/varsity-jackets/hooded/baby-pink-letterman-jacket-with-hood","baby pink letterman jacket with hood","Transactional","Mapped"
"Product","/varsity-jackets/hooded/baby-pink-wool-and-black-leather-sleeves-varsity-hoodie","baby pink wool and black leather sleeves varsity hoodie","Transactional","Mapped"
"Product","/varsity-jackets/hooded/black-wool-and-white-leather-sleeves-varsity-hoodie-jacket","black wool and white leather sleeves varsity hoodie jacket","Transactional","Mapped"
"Product","/varsity-jackets/hooded/dark-brown-wool-and-black-leather-sleeves-hooded-varsity-jacket","dark brown wool and black leather sleeves hooded varsity jacket","Transactional","Mapped"
"Product","/varsity-jackets/hooded/dark-green-wool-and-black-leather-sleeves-varsity-hoodie","dark green wool and black leather sleeves varsity hoodie","Transactional","Mapped"
"Product","/varsity-jackets/hooded/dark-maroon-wool-and-black-leather-sleeves-hooded-letterman-jacket","dark maroon wool and black leather sleeves hooded letterman jacket","Transactional","Mapped"
"Product","/varsity-jackets/hooded/dark-purple-wool-and-black-leather-sleeves-varsity-hoodie","dark purple wool and black leather sleeves varsity hoodie","Transactional","Mapped"
"Product","/varsity-jackets/hooded/green-wool-and-white-leather-sleeves-hooded-varsity-jacket","green wool and white leather sleeves hooded varsity jacket","Transactional","Mapped"
"Product","/varsity-jackets/hooded/hoodie-letterman-jacket-for-girls","hoodie letterman jacket for girls","Transactional","Mapped"
"Product","/varsity-jackets/hooded/kelly-green-wool-and-black-leather-sleeves-hooded-letterman-jacket","kelly green wool and black leather sleeves hooded letterman jacket","Transactional","Mapped"
"Product","/varsity-jackets/hooded/light-grey-wool-and-black-leather-sleeves-varsity-hoodie","light grey wool and black leather sleeves varsity hoodie","Transactional","Mapped"
"Product","/varsity-jackets/hooded/maroon-letterman-jacket-hood","maroon letterman jacket hood","Transactional","Mapped"
"Product","/varsity-jackets/hooded/old-gold-wool-and-white-leather-sleeves-hooded-varsity-jacket","old gold wool and white leather sleeves hooded varsity jacket","Transactional","Mapped"
"Product","/varsity-jackets/hooded/orange-wool-and-black-leather-sleeves-hooded-jacket","orange wool and black leather sleeves hooded jacket","Transactional","Mapped"
"Product","/varsity-jackets/hooded/red-wool-and-black-leather-sleeves-varsity-hoodie","red wool and black leather sleeves varsity hoodie","Transactional","Mapped"
"Product","/varsity-jackets/hooded/red-wool-varsity-jacket-with-hood-black-leather-sleeves","red wool varsity jacket with hood black leather sleeves","Transactional","Mapped"
"Product","/varsity-jackets/hooded/red-wool-white-leather-sleeves-varsity-jacket-with-hood","red wool and white leather sleeves varsity jacket with hood","Transactional","Mapped"
"Product","/varsity-jackets/hooded/sky-blue-wool-and-white-leather-sleeves-varsity-hoodie","sky blue wool and white leather sleeves varsity hoodie","Transactional","Mapped"
"Page","/varsity-jackets/oversized","oversized varsity jackets","Commercial","Mapped"
"Category","/varsity-jackets/retro","retro varsity jacket","Commercial","Mapped"
"Product","/varsity-jackets/retro/black-and-gold-retro-leather-letterman-jacket-with-shirt-collar","black and gold retro leather letterman jacket with shirt collar","Transactional","Mapped"
"Product","/varsity-jackets/retro/black-retro-varsity-jacket-in-cowhide-leather","black retro varsity jacket in cowhide leather","Transactional","Mapped"
"Category","/varsity-jackets/satin","satin varsity jacket","Commercial","Mapped"
"Product","/varsity-jackets/satin/satin-varsity-jacket-with-piping","stylish satin varsity jacket with piping","Transactional","Mapped"
"Page","/varsity-jackets/vintage","vintage varsity jackets","Commercial","Mapped"
"Category","/varsity-jackets/wool-leather","wool and leather varsity jacket","Commercial","Mapped"
"Product","/varsity-jackets/wool-leather/all-black-wool-and-leather-sleeves-varsity-jacket","all black wool and leather sleeves varsity jacket","Transactional","Mapped"
"Product","/varsity-jackets/wool-leather/black-wool-and-black-leather-sleeves-letterman-jacket","black wool and black leather sleeves letterman jacket","Transactional","Mapped"
"Product","/varsity-jackets/wool-leather/black-wool-and-gold-leather-sleeves-letterman-jacket","black wool and gold leather sleeves letterman jacket","Transactional","Mapped"
"Product","/varsity-jackets/wool-leather/black-wool-and-pink-leather-sleeves-letterman-jacket","black wool and pink leather sleeves letterman jacket","Transactional","Mapped"
"Product","/varsity-jackets/wool-leather/black-wool-and-teal-leather-sleeves-varsity-jacket","black wool and teal leather sleeves varsity jacket","Transactional","Mapped"
"Product","/varsity-jackets/wool-leather/black-wool-and-white-leather-sleeves-letterman-jacket","black wool and white leather sleeves letterman jacket","Transactional","Mapped"
"Product","/varsity-jackets/wool-leather/black-wool-and-yellow-leather-sleeves-letterman-jacket","black wool and yellow leather sleeves letterman jacket","Transactional","Mapped"
"Product","/varsity-jackets/wool-leather/camel-brown-wool-and-black-leather-sleeves-letterman-jacket-with-hood","camel brown wool and black leather sleeves letterman jacket with hood","Transactional","Mapped"
"Product","/varsity-jackets/wool-leather/camel-brown-wool-and-white-leather-sleeves-varsity-jacket-with-hood","camel brown wool and white leather sleeves varsity jacket with hood","Transactional","Mapped"
"Product","/varsity-jackets/wool-leather/dark-gray-wool-and-black-leather-sleeves-varsity-jacket-with-hood","dark gray wool and black leather sleeves varsity jacket with hood","Transactional","Mapped"
"Product","/varsity-jackets/wool-leather/dark-green-wool-and-gold-leather-sleeves-letterman-jacket","dark green wool and gold leather sleeves letterman jacket","Transactional","Mapped"
"Product","/varsity-jackets/wool-leather/designer-sheepskin-leather-letterman-jacket-black-white","designer sheepskin leather letterman jacket black & white","Transactional","Mapped"
"Product","/varsity-jackets/wool-leather/hot-pink-wool-and-black-leather-sleeves-varsity-jacket-with-hood","hot pink wool and black leather sleeves varsity jacket with hood","Transactional","Mapped"
"Product","/varsity-jackets/wool-leather/kelly-green-wool-and-white-leather-sleeves-varsity-jacket","kelly green wool and white leather sleeves varsity jacket","Transactional","Mapped"
"Product","/varsity-jackets/wool-leather/maroon-wool-and-white-leather-sleeves-letterman-jacket","maroon wool and white leather sleeves letterman jacket","Transactional","Mapped"
"Product","/varsity-jackets/wool-leather/old-gold-wool-and-black-leather-sleeves-letterman-jacket","old gold wool and black leather sleeves letterman jacket","Transactional","Mapped"
"Product","/varsity-jackets/wool-leather/orange-wool-and-white-leather-sleeves-varsity-jacket-with-hood","orange wool and white leather sleeves varsity jacket with hood","Transactional","Mapped"
"Product","/varsity-jackets/wool-leather/purple-wool-and-gold-leather-sleeves-letterman-jacket","purple wool and gold leather sleeves letterman jacket","Transactional","Mapped"
"Product","/varsity-jackets/wool-leather/red-wool-and-black-leather-sleeves-letterman-jacket","red wool and black leather sleeves letterman jacket","Transactional","Mapped"
"Product","/varsity-jackets/wool-leather/red-wool-and-gold-leather-sleeves-letterman-jacket","red wool and gold leather sleeves letterman jacket","Transactional","Mapped"
"Product","/varsity-jackets/wool-leather/royal-blue-wool-and-gold-leather-sleeves-letterman-jacket","royal blue wool and gold leather sleeves letterman jacket","Transactional","Mapped"
"Product","/varsity-jackets/wool-leather/royal-blue-wool-and-red-leather-sleeves-letterman-jacket","royal blue wool and red leather sleeves letterman jacket","Transactional","Mapped"
"Product","/varsity-jackets/wool-leather/royal-blue-wool-and-white-leather-sleeves-letterman-jacket","royal blue wool and white leather sleeves letterman jacket","Transactional","Mapped"
"Product","/varsity-jackets/wool-leather/varsity-jacket-with-standup-collar-black-and-white-cowhide-leather","varsity jacket with standup collar black and white cowhide leather","Transactional","Mapped"
