"URL","HTTP","Title","Title length","Description","Description length","Result"
"https://www.jacketee.com","200","Custom Varsity Jackets & Letterman Jackets | Jacketee","53","Design custom varsity jackets and letterman jackets with chenille patches, embroidery and your team colors. Bulk pricing for schools, teams and brands.","151","Pass"
"https://www.jacketee.com/shop","200","Shop All Custom Jackets | Varsity, Bomber & More | Jacketee","59","Browse all custom jackets at Jacketee, including varsity, letterman, bomber, coach, puffer and denim styles. Add patches, embroidery and team colors.","149","Pass"
"https://www.jacketee.com/about","200","About Jacketee | Custom Jacket Factory & Team","45","Meet Jacketee, founded in 2026 in Sialkot, Pakistan. Learn about our in-house jacket production, customization options, and customer support.","141","Pass"
"https://www.jacketee.com/contact","200","Contact Us — Jacketee","21","Get in touch with the Jacketee team. We're available Mon–Fri 9am–6pm EST and typically respond within 24 hours.","111","Pass"
"https://www.jacketee.com/blog","200","Style Blog & Fashion Tips — Jacketee","36","Explore style guides, fashion tips, outfit ideas, and the latest trends from the Jacketee editorial team.","105","Pass"
"https://www.jacketee.com/faq","200","Frequently Asked Questions — Jacketee","37","Find answers to common questions about shipping, returns, payments, order tracking, and more at Jacketee.","105","Pass"
"https://www.jacketee.com/size-guide","200","Jacket Size Guide | Jacketee","28","Measure your chest, waist, sleeve, and jacket length. Compare reference body and garment measurements, then confirm the fit for your Jacketee style.","148","Pass"
"https://www.jacketee.com/track-order","200","Track Your Order — Jacketee","27","Enter your order number and email to get real-time shipping status and estimated delivery for your Jacketee order.","114","Pass"
"https://www.jacketee.com/materials-colors","200","Varsity Jacket Materials & Colors | Jacketee","44","Compare melton wool, leather, satin, fleece, twill, soft-shell, nylon, suede, snaps, zips, and 30+ jacket color swatches before starting a custom order.","152","Pass"
"https://www.jacketee.com/patches-embroidery","200","Chenille Patches for Letterman Jackets | Jacketee","49","Compare chenille patches for letterman jackets, varsity jacket embroidery, felt, tackle twill, printing and label options for custom jacket designs.","148","Pass"
"https://www.jacketee.com/custom-bomber-jackets","200","Custom Bomber Jackets | Jacketee","32","Custom bomber jackets in leather, suede, satin and nylon. Add embroidery, logos or patches and approve a free design mockup before production.","142","Pass"
"https://www.jacketee.com/custom-coach-jackets","200","Custom Coach Jackets | Jacketee","31","Custom coach jackets for teams, staff, events and brands. Plan colors, embroidery or printed logos and approve a free mockup before production.","143","Pass"
"https://www.jacketee.com/custom-denim-jackets","200","Custom Denim Jackets | Jacketee","31","Custom denim jackets with embroidery, patches, names and back artwork. Order one or plan a coordinated group run with a free mockup before production.","150","Pass"
"https://www.jacketee.com/custom-puffer-jackets","200","Custom Puffer Jackets | Jacketee","32","Custom puffer jackets for staff, teams, events and cold-weather groups. Add your logo and approve a free design mockup before production begins.","144","Pass"
"https://www.jacketee.com/custom-hoodies","200","Custom Leavers Hoodies With Names & Patches | Jacketee","54","Custom hoodies and leavers hoodies with names, embroidery, chenille and tackle twill. No minimum order, with a free mockup before production.","141","Pass"
"https://www.jacketee.com/custom-letterman-jackets","200","Custom Letterman Jackets | Jacketee","35","Custom letterman jackets for school awards, teams and individuals. Choose materials, chenille letters and embroidery with a free design mockup.","143","Pass"
"https://www.jacketee.com/bulk-orders","200","Bulk Varsity Jackets & Wholesale Orders | Jacketee","50","Order bulk varsity jackets for schools, teams, companies and private labels. Compare artwork, sizing, samples, wholesale pricing and production steps.","150","Pass"
"https://www.jacketee.com/bulk-orders/schools","200","School Letterman Jackets & Team Orders | Jacketee","49","Order school letterman jackets and team varsity jackets for clubs, seniors, alumni and achievement programs. Plan colors, patches, names and sizing.","148","Pass"
"https://www.jacketee.com/bulk-orders/corporate","200","Corporate Varsity Jackets & Company Orders | Jacketee","53","Order corporate varsity jackets and custom company jackets for uniforms, events and office teams. Plan logos, materials, sizing and delivery.","141","Pass"
"https://www.jacketee.com/bulk-orders/private-label","200","Private Label Custom Jackets | Jacketee","39","Private label custom jacket programs for brands, merch lines, boutiques, and resellers. Plan samples, labels, trims, packaging, specs, and repeat orders.","153","Pass"
"https://www.jacketee.com/bulk-orders/sorority-fraternity","200","Custom Sorority & Fraternity Jackets | Jacketee","47","Plan custom sorority and fraternity jackets with Greek letters, chapter details and names. Get group pricing and approve a free mockup before production.","153","Pass"
"https://www.jacketee.com/bulk-orders/senior-class","200","Custom Senior Class Jackets | Class of 2027 | Jacketee","54","Create senior class jackets for the Class of 2027 with school colors, names, years and patches. Approve a free mockup and request group pricing.","144","Pass"
"https://www.jacketee.com/bulk-orders/cheer","200","Custom Cheer Jackets for Teams | Jacketee","41","Design custom cheer jackets with team colors, logos, names and graduation years. Approve a free mockup before production and request team pricing.","146","Pass"
"https://www.jacketee.com/varsity-jackets/oversized","200","Oversized Varsity Jackets | Custom Fit & Design | Jacketee","58","Design an oversized varsity jacket with custom colors, patches, names and embroidery. Review a free mockup before production with no minimum order.","147","Pass"
"https://www.jacketee.com/varsity-jackets/vintage","200","Vintage Varsity Jackets | Retro Custom Designs | Jacketee","57","Create a vintage varsity jacket with retro colors, chenille patches and custom embroidery. Get a free design mockup and order one or in bulk.","141","Pass"
"https://www.jacketee.com/shipping","200","Shipping Information — Jacketee","31","One jacket ships for $30 USD. Shipping for multiple jackets is quoted by quantity and weight. Learn about Jacketee delivery timelines.","134","Pass"
"https://www.jacketee.com/returns","200","Returns & Exchanges — Jacketee","30","Eligible stock jackets may be returned within 10 days. Learn about Jacketee return eligibility, restocking fees and custom-item exceptions.","139","Pass"
"https://www.jacketee.com/privacy-policy","200","Privacy Policy — Jacketee","25","Read Jacketee's privacy policy to understand how we collect, use, and protect your personal information.","104","Pass"
"https://www.jacketee.com/terms-of-service","200","Terms of Service — Jacketee","27","Read Jacketee's terms of service governing use of our website, purchasing products, and our warranties.","103","Pass"
"https://www.jacketee.com/cookie-policy","200","Cookie Policy — Jacketee","24","Learn how Jacketee uses cookies and similar technologies, and how you can manage your preferences.","98","Pass"
"https://www.jacketee.com/varsity-jackets/all-leather/all-black-nappa-leather-letterman-jacket","200","Custom Luxurious All-Black Nappa Leather | Jacketee","51","Shop Luxurious All-Black Nappa Leather Letterman Jacket from our All Leather collection. Review materials, sizing and customization options, then request a","155","Pass"
"https://www.jacketee.com/varsity-jackets/wool-leather/black-wool-and-yellow-leather-sleeves-letterman-jacket","200","Custom Black Wool and Yellow Leather Sleeves | Jacketee","55","Shop Black Wool and Yellow Leather Sleeves Letterman Jacket from our Wool & Leather collection. Review materials, sizing and customization options, then","152","Pass"
"https://www.jacketee.com/varsity-jackets/wool-leather/red-wool-and-gold-leather-sleeves-letterman-jacket","200","Custom Red Wool and Gold Leather Sleeves | Jacketee","51","Shop Red Wool and Gold Leather Sleeves Letterman Jacket from our Wool & Leather collection. Review materials, sizing and customization options, then","148","Pass"
"https://www.jacketee.com/varsity-jackets/wool-leather/black-wool-and-black-leather-sleeves-letterman-jacket","200","Custom Black Wool and Black Leather Sleeves | Jacketee","54","Shop Black Wool and Black Leather Sleeves Letterman Jacket from our Wool & Leather collection. Review materials, sizing and customization options, then","151","Pass"
"https://www.jacketee.com/varsity-jackets/wool-leather/red-wool-and-black-leather-sleeves-letterman-jacket","200","Custom Red Wool and Black Leather Sleeves | Jacketee","52","Shop Red Wool and Black Leather Sleeves Letterman Jacket from our Wool & Leather collection. Review materials, sizing and customization options, then","149","Pass"
"https://www.jacketee.com/varsity-jackets/wool-leather/royal-blue-wool-and-red-leather-sleeves-letterman-jacket","200","Custom Royal Blue Wool and Red Leather Sleeves | Jacketee","57","Shop Royal Blue Wool and Red Leather Sleeves Letterman Jacket from our Wool & Leather collection. Review materials, sizing and customization options, then","154","Pass"
"https://www.jacketee.com/varsity-jackets/wool-leather/black-wool-and-white-leather-sleeves-letterman-jacket","200","Custom Black Wool and White Leather Sleeves | Jacketee","54","Shop Black Wool and White Leather Sleeves Letterman Jacket from our Wool & Leather collection. Review materials, sizing and customization options, then","151","Pass"
"https://www.jacketee.com/varsity-jackets/all-wool/baby-pink-sky-blue-wool-varsity-jacket-women","200","Custom Baby Pink & Sky Blue Wool Varsity Jacket - | Jacketee","60","Shop Baby Pink & Sky Blue Wool Varsity Jacket from our All Wool collection. Review materials, sizing and customization options, then request a free design","154","Pass"
"https://www.jacketee.com/varsity-jackets/all-wool/cardinal-wool-varsity-jacket","200","Custom Cardinal Wool Varsity Jacket - All Wool | Jacketee","57","Shop Cardinal Wool Varsity Jacket from our All Wool collection. Review materials, sizing and customization options, then request a free design mockup","149","Pass"
"https://www.jacketee.com/varsity-jackets/hooded/green-wool-and-white-leather-sleeves-hooded-varsity-jacket","200","Custom Green Wool and White Leather Sleeves | Jacketee","54","Shop Green Wool and White Leather Sleeves Hooded Varsity Jacket from our Hooded collection. Review materials, sizing and customization options, then","148","Pass"
"https://www.jacketee.com/varsity-jackets/wool-leather/kelly-green-wool-and-white-leather-sleeves-varsity-jacket","200","Custom Kelly Green Wool and White Leather Sleeves | Jacketee","60","Shop Kelly Green Wool and White Leather Sleeves Varsity Jacket from our Wool & Leather collection. Review materials, sizing and customization options, then","155","Pass"
"https://www.jacketee.com/varsity-jackets/wool-leather/old-gold-wool-and-black-leather-sleeves-letterman-jacket","200","Custom Old Gold Wool and Black Leather Sleeves | Jacketee","57","Shop Old Gold Wool and Black Leather Sleeves Letterman Jacket from our Wool & Leather collection. Review materials, sizing and customization options, then","154","Pass"
"https://www.jacketee.com/varsity-jackets/all-wool/red-wool-letterman-jacket","200","Custom Red Wool Letterman Jacket - All Wool | Jacketee","54","Shop Red Wool Letterman Jacket from our All Wool collection. Review materials, sizing and customization options, then request a free design mockup before","153","Pass"
"https://www.jacketee.com/varsity-jackets/all-wool/red-and-royal-blue-wool-varsity-jacket","200","Custom Red and Royal Blue Wool Varsity Jacket - | Jacketee","58","Shop Red and Royal Blue Wool Varsity Jacket from our All Wool collection. Review materials, sizing and customization options, then request a free design","152","Pass"
"https://www.jacketee.com/varsity-jackets/all-wool/gold-wool-varsity-jacket","200","Custom Gold Wool Varsity Jacket - All Wool | Jacketee","53","Shop Gold Wool Varsity Jacket from our All Wool collection. Review materials, sizing and customization options, then request a free design mockup before","152","Pass"
"https://www.jacketee.com/varsity-jackets/faux-leather/black-wool-and-cream-vegan-leather-jacket","200","Custom Black Wool and Cream Vegan Leather Jacket | Jacketee","59","Shop Black Wool and Cream Vegan Leather Jacket from our Faux Leather collection. Review materials, sizing and customization options, then request a free","152","Pass"
"https://www.jacketee.com/varsity-jackets/faux-leather/dark-green-wool-and-black-faux-leather-sleeves-letterman-jacket","200","Custom Dark Green Wool and Black Faux Leather | Jacketee","56","Shop Dark Green Wool and Black Faux Leather Sleeves Letterman Jacket from our Faux Leather collection. Review materials, sizing and customization options,","154","Pass"
"https://www.jacketee.com/varsity-jackets/wool-leather/all-black-wool-and-leather-sleeves-varsity-jacket","200","Custom All Black Wool and Leather Sleeves Varsity | Jacketee","60","Shop All Black Wool and Leather Sleeves Varsity Jacket from our Wool & Leather collection. Review materials, sizing and customization options, then request","155","Pass"
"https://www.jacketee.com/varsity-jackets/wool-leather/black-wool-and-gold-leather-sleeves-letterman-jacket","200","Custom Black Wool and Gold Leather Sleeves | Jacketee","53","Shop Black Wool and Gold Leather Sleeves Letterman Jacket from our Wool & Leather collection. Review materials, sizing and customization options, then","150","Pass"
"https://www.jacketee.com/varsity-jackets/wool-leather/maroon-wool-and-white-leather-sleeves-letterman-jacket","200","Custom Maroon Wool and White Leather Sleeves | Jacketee","55","Shop Maroon Wool and White Leather Sleeves Letterman Jacket from our Wool & Leather collection. Review materials, sizing and customization options, then","152","Pass"
"https://www.jacketee.com/varsity-jackets/all-wool/black-and-red-wool-varsity-jacket","200","Custom Black and Red Wool Varsity Jacket - All | Jacketee","57","Shop Black and Red Wool Varsity Jacket from our All Wool collection. Review materials, sizing and customization options, then request a free design mockup","154","Pass"
"https://www.jacketee.com/varsity-jackets/wool-leather/royal-blue-wool-and-white-leather-sleeves-letterman-jacket","200","Custom Royal Blue Wool and White Leather Sleeves | Jacketee","59","Shop Royal Blue Wool and White Leather Sleeves Letterman Jacket from our Wool & Leather collection. Review materials, sizing and customization options,","151","Pass"
"https://www.jacketee.com/varsity-jackets/all-wool/sky-blue-wool-varsity-jacket","200","Custom Sky Blue Wool Varsity Jacket - All Wool | Jacketee","57","Shop Sky Blue Wool Varsity Jacket from our All Wool collection. Review materials, sizing and customization options, then request a free design mockup","149","Pass"
"https://www.jacketee.com/varsity-jackets/all-wool/navy-blue-wool-letterman-jacket","200","Custom Navy Blue Wool Letterman Jacket - All Wool | Jacketee","60","Shop Navy Blue Wool Letterman Jacket from our All Wool collection. Review materials, sizing and customization options, then request a free design mockup","152","Pass"
"https://www.jacketee.com/varsity-jackets/all-wool/grey-wool-varsity-jacket","200","Custom Grey Wool Varsity Jacket - All Wool | Jacketee","53","Shop Grey Wool Varsity Jacket from our All Wool collection. Review materials, sizing and customization options, then request a free design mockup before","152","Pass"
"https://www.jacketee.com/varsity-jackets/all-wool/baby-pink-varsity-jackets","200","Custom Baby Pink Varsity Jackets - All Wool | Jacketee","54","Shop Baby Pink Varsity Jackets from our All Wool collection. Review materials, sizing and customization options, then request a free design mockup before","153","Pass"
"https://www.jacketee.com/varsity-jackets/all-wool/green-wool-varsity-jacket","200","Custom Green Wool Varsity Jacket - All Wool | Jacketee","54","Shop Green Wool Varsity Jacket from our All Wool collection. Review materials, sizing and customization options, then request a free design mockup before","153","Pass"
"https://www.jacketee.com/varsity-jackets/wool-leather/black-wool-and-teal-leather-sleeves-varsity-jacket","200","Custom Black Wool and Teal Leather Sleeves | Jacketee","53","Shop Black Wool and Teal Leather Sleeves Varsity Jacket from our Wool & Leather collection. Review materials, sizing and customization options, then","148","Pass"
"https://www.jacketee.com/varsity-jackets/wool-leather/royal-blue-wool-and-gold-leather-sleeves-letterman-jacket","200","Custom Royal Blue Wool and Gold Leather Sleeves | Jacketee","58","Shop Royal Blue Wool and Gold Leather Sleeves Letterman Jacket from our Wool & Leather collection. Review materials, sizing and customization options, then","155","Pass"
"https://www.jacketee.com/varsity-jackets/wool-leather/black-wool-and-pink-leather-sleeves-letterman-jacket","200","Custom Black Wool and Pink Leather Sleeves | Jacketee","53","Shop Black Wool and Pink Leather Sleeves Letterman Jacket from our Wool & Leather collection. Review materials, sizing and customization options, then","150","Pass"
"https://www.jacketee.com/varsity-jackets/hooded/dark-purple-wool-and-black-leather-sleeves-varsity-hoodie","200","Custom Dark Purple Wool and Black Leather Sleeves | Jacketee","60","Shop Dark Purple Wool and Black Leather Sleeves Varsity Hoodie from our Hooded collection. Review materials, sizing and customization options, then request","155","Pass"
"https://www.jacketee.com/varsity-jackets/wool-leather/purple-wool-and-gold-leather-sleeves-letterman-jacket","200","Custom Purple Wool and Gold Leather Sleeves | Jacketee","54","Shop Purple Wool and Gold Leather Sleeves Letterman Jacket from our Wool & Leather collection. Review materials, sizing and customization options, then","151","Pass"
"https://www.jacketee.com/varsity-jackets/wool-leather/designer-sheepskin-leather-letterman-jacket-black-white","200","Custom Designer Sheepskin Leather Letterman | Jacketee","54","Shop Designer Sheepskin Leather Letterman Jacket Black & White from our Wool & Leather collection. Review materials, sizing and customization options, then","155","Pass"
"https://www.jacketee.com/varsity-jackets/all-leather/premium-nappa-leather-letterman-jacket-red-gold","200","Custom Premium Nappa Leather Letterman Jacket Red | Jacketee","60","Shop Premium Nappa Leather Letterman Jacket Red & Gold from our All Leather collection. Review materials, sizing and customization options, then request a","154","Pass"
"https://www.jacketee.com/varsity-jackets/faux-leather/red-wool-and-black-faux-leather-sleeves-letterman-jacket","200","Custom Red Wool and Black Faux Leather Sleeves | Jacketee","57","Shop Red Wool and Black Faux Leather Sleeves Letterman Jacket from our Faux Leather collection. Review materials, sizing and customization options, then","152","Pass"
"https://www.jacketee.com/varsity-jackets/faux-leather/black-wool-and-white-faux-leather-sleeves-varsity-jacket","200","Custom Black Wool and White Faux Leather Sleeves | Jacketee","59","Shop Black Wool and White Faux Leather Sleeves Varsity Jacket from our Faux Leather collection. Review materials, sizing and customization options, then","152","Pass"
"https://www.jacketee.com/varsity-jackets/faux-leather/black-wool-and-red-faux-leather-sleeves-letterman-jacket","200","Custom Black Wool and Red Faux Leather Sleeves | Jacketee","57","Shop Black Wool and Red Faux Leather Sleeves Letterman Jacket from our Faux Leather collection. Review materials, sizing and customization options, then","152","Pass"
"https://www.jacketee.com/varsity-jackets/faux-leather/heather-gray-wool-vinyl-sleeves-jacket","200","Custom Heather Gray Wool Vinyl Sleeves Jacket - | Jacketee","58","Shop Heather Gray Wool Vinyl Sleeves Jacket from our Faux Leather collection. Review materials, sizing and customization options, then request a free","149","Pass"
"https://www.jacketee.com/varsity-jackets/wool-leather/dark-green-wool-and-gold-leather-sleeves-letterman-jacket","200","Custom Dark Green Wool and Gold Leather Sleeves | Jacketee","58","Shop Dark Green Wool and Gold Leather Sleeves Letterman Jacket from our Wool & Leather collection. Review materials, sizing and customization options, then","155","Pass"
"https://www.jacketee.com/varsity-jackets/faux-leather/vegan-pu-letterman-jacket-eco-friendly","200","Custom Vegan PU Letterman Jacket (Eco Friendly) - | Jacketee","60","Shop Vegan PU Letterman Jacket (Eco Friendly) from our Faux Leather collection. Review materials, sizing and customization options, then request a free","151","Pass"
"https://www.jacketee.com/varsity-jackets/fleece/cotton-fleece-varsity-jackets-schools-seniors-affordable","200","Custom Cotton Fleece Varsity Jackets Schools | Jacketee","55","Shop Cotton Fleece Varsity Jackets Schools Seniors Affordable from our Fleece collection. Review materials, sizing and customization options, then request","154","Pass"
"https://www.jacketee.com/varsity-jackets/cotton-twill/lightweight-cotton-varsity-jacket","200","Custom Lightweight Cotton Varsity Jacket - Cotton | Jacketee","60","Shop Lightweight Cotton Varsity Jacket from our Cotton Twill collection. Review materials, sizing and customization options, then request a free design","151","Pass"
"https://www.jacketee.com/varsity-jackets/all-wool/orange-white-wool-varsity-jacket","200","Custom Orange & White Wool Varsity Jacket - All | Jacketee","58","Shop Orange & White Wool Varsity Jacket from our All Wool collection. Review materials, sizing and customization options, then request a free design mockup","155","Pass"
"https://www.jacketee.com/varsity-jackets/satin/satin-varsity-jacket-with-piping","200","Custom Stylish Satin Varsity Jacket with Piping | Jacketee","58","Shop Stylish Satin Varsity Jacket with Piping from our Satin collection. Review materials, sizing and customization options, then request a free design","151","Pass"
"https://www.jacketee.com/varsity-jackets/all-wool/classic-melton-wool-varsity-letterman-jackets-high-schools","200","Custom Classic Maroon All-Wool Varsity Jacket - | Jacketee","58","Shop Classic Maroon All-Wool Varsity Jacket from our All Wool collection. Review materials, sizing and customization options, then request a free design","152","Pass"
"https://www.jacketee.com/varsity-jackets/wool-leather/camel-brown-wool-and-white-leather-sleeves-varsity-jacket-with-hood","200","Custom Camel Brown Wool and White Leather Sleeves | Jacketee","60","Shop Camel Brown Wool and White Leather Sleeves Varsity Jacket with Hood from our Wool & Leather collection. Review materials, sizing and customization","151","Pass"
"https://www.jacketee.com/varsity-jackets/hooded/orange-wool-and-black-leather-sleeves-hooded-jacket","200","Custom Orange Wool and Black Leather Sleeves | Jacketee","55","Shop Orange Wool and Black Leather Sleeves Hooded Jacket from our Hooded collection. Review materials, sizing and customization options, then request a","151","Pass"
"https://www.jacketee.com/varsity-jackets/hooded/red-wool-white-leather-sleeves-varsity-jacket-with-hood","200","Custom Red Wool and White Leather Sleeves Varsity | Jacketee","60","Shop Red Wool and White Leather Sleeves Varsity Jacket with Hood from our Hooded collection. Review materials, sizing and customization options, then","149","Pass"
"https://www.jacketee.com/varsity-jackets/hooded/light-grey-wool-and-black-leather-sleeves-varsity-hoodie","200","Custom Light Grey Wool and Black Leather Sleeves | Jacketee","59","Shop Light Grey Wool and Black Leather Sleeves Varsity Hoodie from our Hooded collection. Review materials, sizing and customization options, then request","154","Pass"
"https://www.jacketee.com/varsity-jackets/faux-leather/blue-orange-vinyl-sleeves-letterman-jacket","200","Custom Blue & Orange Vinyl Sleeves Letterman | Jacketee","55","Shop Blue & Orange Vinyl Sleeves Letterman Jacket from our Faux Leather collection. Review materials, sizing and customization options, then request a free","155","Pass"
"https://www.jacketee.com/varsity-jackets/hooded/red-wool-varsity-jacket-with-hood-black-leather-sleeves","200","Custom Red Wool Varsity Jacket With Hood Black | Jacketee","57","Shop Red Wool Varsity Jacket With Hood Black Leather Sleeves from our Hooded collection. Review materials, sizing and customization options, then request a","155","Pass"
"https://www.jacketee.com/varsity-jackets/cotton-twill/red-cotton-varsity-jacket","200","Custom Red Cotton Varsity Jacket - Cotton Twill | Jacketee","58","Shop Red Cotton Varsity Jacket from our Cotton Twill collection. Review materials, sizing and customization options, then request a free design mockup","150","Pass"
"https://www.jacketee.com/varsity-jackets/cotton-twill/red-and-white-cotton-twill-jacket","200","Custom Red and White Cotton Twill Jacket | Jacketee","51","Shop Red and White Cotton Twill Jacket from our Cotton Twill collection. Review materials, sizing and customization options, then request a free design","151","Pass"
"https://www.jacketee.com/varsity-jackets/all-leather/all-leather-nappa-varsity-jacket-gold-black","200","Custom All-Leather Nappa Varsity Jacket Gold & | Jacketee","57","Shop All-Leather Nappa Varsity Jacket Gold & Black from our All Leather collection. Review materials, sizing and customization options, then request a free","155","Pass"
"https://www.jacketee.com/varsity-jackets/hooded/kelly-green-wool-and-black-leather-sleeves-hooded-letterman-jacket","200","Custom Kelly Green Wool and Black Leather Sleeves | Jacketee","60","Shop Kelly Green Wool and Black Leather Sleeves Hooded Letterman Jacket from our Hooded collection. Review materials, sizing and customization options,","151","Pass"
"https://www.jacketee.com/varsity-jackets/cotton-twill/denim-varsity-jacket-cotton-twill-sleeves","200","Custom Denim Varsity Jacket Cotton Twill Sleeves | Jacketee","59","Shop Denim Varsity Jacket Cotton Twill Sleeves from our Cotton Twill collection. Review materials, sizing and customization options, then request a free","152","Pass"
"https://www.jacketee.com/puffer-jackets/puffer-jacket-zippered-black","200","Custom Puffer Jacket in Black | Jacketee","40","Shop Custom Puffer Jacket in Black from our Puffer Jackets collection. Review materials, sizing and customization options, then request a free design","149","Pass"
"https://www.jacketee.com/puffer-jackets/red-puffer-jacket-for-mens-and-women","200","Custom Red Puffer Jacket For Mens And Women | Jacketee","54","Shop Red Puffer Jacket For Mens And Women from our Puffer Jackets collection. Review materials, sizing and customization options, then request a free","149","Pass"
"https://www.jacketee.com/puffer-jackets/colorblock-puffer-jacket-for-men-and-women","200","Custom Colorblock Puffer Jacket for Men and Women | Jacketee","60","Shop Colorblock Puffer Jacket for Men and Women from our Puffer Jackets collection. Review materials, sizing and customization options, then request a free","155","Pass"
"https://www.jacketee.com/puffer-jackets/black-puffer-jacket-for-mens","200","Custom Black Puffer Jacket For Mens | Jacketee","46","Shop Black Puffer Jacket For Mens from our Puffer Jackets collection. Review materials, sizing and customization options, then request a free design mockup","155","Pass"
"https://www.jacketee.com/varsity-jackets/wool-leather/hot-pink-wool-and-black-leather-sleeves-varsity-jacket-with-hood","200","Custom Hot Pink Wool and Black Leather Sleeves | Jacketee","57","Shop Hot Pink Wool and Black Leather Sleeves Varsity Jacket with Hood from our Wool & Leather collection. Review materials, sizing and customization","148","Pass"
"https://www.jacketee.com/varsity-jackets/hooded/maroon-letterman-jacket-hood","200","Custom Maroon Letterman Jacket Hood - Hooded | Jacketee","55","Shop Maroon Letterman Jacket Hood from our Hooded collection. Review materials, sizing and customization options, then request a free design mockup before","154","Pass"
"https://www.jacketee.com/varsity-jackets/hooded/hoodie-letterman-jacket-for-girls","200","Custom Hoodie Letterman Jacket For Girls - Hooded | Jacketee","60","Shop Hoodie Letterman Jacket For Girls from our Hooded collection. Review materials, sizing and customization options, then request a free design mockup","152","Pass"
"https://www.jacketee.com/varsity-jackets/hooded/dark-maroon-wool-and-black-leather-sleeves-hooded-letterman-jacket","200","Custom Dark Maroon Wool and Black Leather Sleeves | Jacketee","60","Shop Dark Maroon Wool and Black Leather Sleeves Hooded Letterman Jacket from our Hooded collection. Review materials, sizing and customization options,","151","Pass"
"https://www.jacketee.com/varsity-jackets/wool-leather/dark-gray-wool-and-black-leather-sleeves-varsity-jacket-with-hood","200","Custom Dark Gray Wool and Black Leather Sleeves | Jacketee","58","Shop Dark Gray Wool and Black Leather Sleeves Varsity Jacket with Hood from our Wool & Leather collection. Review materials, sizing and customization","149","Pass"
"https://www.jacketee.com/varsity-jackets/hooded/dark-green-wool-and-black-leather-sleeves-varsity-hoodie","200","Custom Dark Green Wool and Black Leather Sleeves | Jacketee","59","Shop Dark Green Wool and Black Leather Sleeves Varsity Hoodie from our Hooded collection. Review materials, sizing and customization options, then request","154","Pass"
"https://www.jacketee.com/varsity-jackets/hooded/old-gold-wool-and-white-leather-sleeves-hooded-varsity-jacket","200","Custom Old Gold Wool and White Leather Sleeves | Jacketee","57","Shop Old Gold Wool and White Leather Sleeves Hooded Varsity Jacket from our Hooded collection. Review materials, sizing and customization options, then","151","Pass"
"https://www.jacketee.com/varsity-jackets/hooded/sky-blue-wool-and-white-leather-sleeves-varsity-hoodie","200","Custom Sky Blue Wool and White Leather Sleeves | Jacketee","57","Shop Sky Blue Wool and White Leather Sleeves Varsity Hoodie from our Hooded collection. Review materials, sizing and customization options, then request a","154","Pass"
"https://www.jacketee.com/varsity-jackets/hooded/dark-brown-wool-and-black-leather-sleeves-hooded-varsity-jacket","200","Custom Dark Brown Wool and Black Leather Sleeves | Jacketee","59","Shop Dark Brown Wool and Black Leather Sleeves Hooded Varsity Jacket from our Hooded collection. Review materials, sizing and customization options, then","153","Pass"
"https://www.jacketee.com/varsity-jackets/hooded/baby-pink-wool-and-black-leather-sleeves-varsity-hoodie","200","Custom Baby Pink Wool and Black Leather Sleeves | Jacketee","58","Shop Baby Pink Wool and Black Leather Sleeves Varsity Hoodie from our Hooded collection. Review materials, sizing and customization options, then request a","155","Pass"
"https://www.jacketee.com/varsity-jackets/wool-leather/orange-wool-and-white-leather-sleeves-varsity-jacket-with-hood","200","Custom Orange Wool and White Leather Sleeves | Jacketee","55","Shop Orange Wool and White Leather Sleeves Varsity Jacket with Hood from our Wool & Leather collection. Review materials, sizing and customization options,","155","Pass"
"https://www.jacketee.com/varsity-jackets/hooded/baby-pink-letterman-jacket-with-hood","200","Custom Baby Pink Letterman Jacket With Hood - | Jacketee","56","Shop Baby Pink Letterman Jacket With Hood from our Hooded collection. Review materials, sizing and customization options, then request a free design mockup","155","Pass"
"https://www.jacketee.com/varsity-jackets/retro/black-retro-varsity-jacket-in-cowhide-leather","200","Custom Black Retro Varsity Jacket in Cowhide | Jacketee","55","Shop Black Retro Varsity Jacket in Cowhide Leather from our Retro collection. Review materials, sizing and customization options, then request a free","149","Pass"
"https://www.jacketee.com/varsity-jackets/retro/black-and-gold-retro-leather-letterman-jacket-with-shirt-collar","200","Custom Black and Gold Retro Leather Letterman | Jacketee","56","Shop Black and Gold Retro Leather Letterman Jacket with Shirt Collar from our Retro collection. Review materials, sizing and customization options, then","152","Pass"
"https://www.jacketee.com/varsity-jackets/wool-leather/camel-brown-wool-and-black-leather-sleeves-letterman-jacket-with-hood","200","Custom Camel Brown Wool and Black Leather Sleeves | Jacketee","60","Shop Camel Brown Wool and Black Leather Sleeves Letterman Jacket with Hood from our Wool & Leather collection. Review materials, sizing and customization","153","Pass"
"https://www.jacketee.com/varsity-jackets/wool-leather/varsity-jacket-with-standup-collar-black-and-white-cowhide-leather","200","Custom Varsity Jacket with Standup Collar Black | Jacketee","58","Shop Varsity Jacket with Standup Collar Black and White Cowhide Leather from our Wool & Leather collection. Review materials, sizing and customization","150","Pass"
"https://www.jacketee.com/fleece-hoodies/yorkshire-felt-lettering-on-hoodie","200","Custom Yorkshire Felt Lettering On Hoodie - | Jacketee","54","Shop Yorkshire Felt Lettering On Hoodie from our Fleece Hoodies collection. Review materials, sizing and customization options, then request a free design","154","Pass"
"https://www.jacketee.com/fleece-hoodies/wool-and-leather-hoodie","200","Custom Wool And Leather Hoodie - Fleece Hoodies | Jacketee","58","Shop Wool And Leather Hoodie from our Fleece Hoodies collection. Review materials, sizing and customization options, then request a free design mockup","150","Pass"
"https://www.jacketee.com/fleece-hoodies/fleece-leavers-hoodie-cream-navy-athletic-gold","200","Custom Fleece Leavers Hoodie Cream Navy Athletic | Jacketee","59","Shop Fleece Leavers Hoodie Cream Navy Athletic Gold from our Fleece Hoodies collection. Review materials, sizing and customization options, then request a","154","Pass"
"https://www.jacketee.com/fleece-hoodies/dtf-print-on-hoodie","200","Custom Dtf Print On Hoodie - Fleece Hoodies | Jacketee","54","Shop Dtf Print On Hoodie from our Fleece Hoodies collection. Review materials, sizing and customization options, then request a free design mockup before","153","Pass"
"https://www.jacketee.com/fleece-hoodies/chenille-hoodie-chest-badge-circle","200","Custom Chenille Hoodie Chest Badge Circle - | Jacketee","54","Shop Chenille Hoodie Chest Badge Circle from our Fleece Hoodies collection. Review materials, sizing and customization options, then request a free design","154","Pass"
"https://www.jacketee.com/varsity-jackets/hooded/red-wool-and-black-leather-sleeves-varsity-hoodie","200","Custom Red Wool and Black Leather Sleeves Varsity | Jacketee","60","Shop Red Wool and Black Leather Sleeves Varsity Hoodie from our Hooded collection. Review materials, sizing and customization options, then request a free","154","Pass"
"https://www.jacketee.com/fleece-hoodies/big-tackle-twill-letters-on-hoodie","200","Custom Big Tackle Twill Letters On Hoodie - | Jacketee","54","Shop Big Tackle Twill Letters On Hoodie from our Fleece Hoodies collection. Review materials, sizing and customization options, then request a free design","154","Pass"
"https://www.jacketee.com/fleece-hoodies/seniors-zipper-fleece-hoodie-in-royal-blue-and-light-grey","200","Custom Seniors Zipper Fleece Hoodie In Royal Blue | Jacketee","60","Shop Seniors Zipper Fleece Hoodie In Royal Blue And Light Grey from our Fleece Hoodies collection. Review materials, sizing and customization options, then","155","Pass"
"https://www.jacketee.com/fleece-hoodies/customizable-zipper-fleece-hoodie-in-red","200","Custom Customizable Zipper Fleece Hoodie In Red | Jacketee","58","Shop Customizable Zipper Fleece Hoodie In Red from our Fleece Hoodies collection. Review materials, sizing and customization options, then request a free","153","Pass"
"https://www.jacketee.com/denim-jackets/stylish-denim-jacket-for-womens","200","Custom Stylish Denim Jacket For Womens | Jacketee","49","Shop Stylish Denim Jacket For Womens from our Denim Jackets collection. Review materials, sizing and customization options, then request a free design","150","Pass"
"https://www.jacketee.com/denim-jackets/denim-jacket-for-mens-and-women","200","Custom Denim Jacket For Mens And Women | Jacketee","49","Shop Denim Jacket For Mens And Women from our Denim Jackets collection. Review materials, sizing and customization options, then request a free design","150","Pass"
"https://www.jacketee.com/denim-jackets/custom-denim-jacket-for-mens","200","Custom Denim Jacket For Mens | Jacketee","39","Shop Custom Denim Jacket For Mens from our Denim Jackets collection. Review materials, sizing and customization options, then request a free design mockup","154","Pass"
"https://www.jacketee.com/coach-jackets/screen-print-coach-jacket","200","Custom Screen Print Coach Jacket | Jacketee","43","Shop Screen Print Coach Jacket from our Coach Jackets collection. Review materials, sizing and customization options, then request a free design mockup","151","Pass"
"https://www.jacketee.com/coach-jackets/high-school-football-coach-navy-coach-jacket-sideline","200","Custom High School Football Coach Navy Coach | Jacketee","55","Shop High School Football Coach Navy Coach Jacket Sideline from our Coach Jackets collection. Review materials, sizing and customization options, then","150","Pass"
"https://www.jacketee.com/coach-jackets/black-coach-jacket","200","Custom Black Coach Jacket | Jacketee","36","Shop Black Coach Jacket from our Coach Jackets collection. Review materials, sizing and customization options, then request a free design mockup before","151","Pass"
"https://www.jacketee.com/coach-jackets/black-orange-hooded-jacket","200","Custom Black & Orange Hooded Jacket - Coach | Jacketee","54","Shop Black & Orange Hooded Jacket from our Coach Jackets collection. Review materials, sizing and customization options, then request a free design mockup","154","Pass"
"https://www.jacketee.com/coach-jackets/coach-jacket-red-nylon-twill","200","Custom Coach Jacket Red Nylon Twill | Jacketee","46","Shop Coach Jacket Red Nylon Twill from our Coach Jackets collection. Review materials, sizing and customization options, then request a free design mockup","154","Pass"
"https://www.jacketee.com/coach-jackets/royal-blue-coach-jacket-for-men-and-women","200","Custom Royal Blue Coach Jacket For Men And Women | Jacketee","59","Shop Royal Blue Coach Jacket For Men And Women from our Coach Jackets collection. Review materials, sizing and customization options, then request a free","153","Pass"
"https://www.jacketee.com/bomber-jackets/sky-blue-satin-bomber-jacket-womens","200","Custom Sky Blue Satin Bomber Jacket Women | Jacketee","52","Shop Sky Blue Satin Bomber Jacket Women from our Bomber Jackets collection. Review materials, sizing and customization options, then request a free design","154","Pass"
"https://www.jacketee.com/bomber-jackets/red-satin-bomber-jacket","200","Custom Red Satin Bomber Jacket | Jacketee","41","Shop Red Satin Bomber Jacket from our Bomber Jackets collection. Review materials, sizing and customization options, then request a free design mockup","150","Pass"
"https://www.jacketee.com/bomber-jackets/royal-blue-nylon-bomber-jacket","200","Custom Nylon Bomber Jacket in Royal Blue | Jacketee","51","Shop Nylon Bomber Jacket in Royal Blue from our Bomber Jackets collection. Review materials, sizing and customization options, then request a free design","153","Pass"
"https://www.jacketee.com/bomber-jackets/black-nylon-bomber-jacket","200","Custom Black Nylon Bomber Jacket for Mens | Jacketee","52","Shop Black Nylon Bomber Jacket for Mens from our Bomber Jackets collection. Review materials, sizing and customization options, then request a free design","154","Pass"
"https://www.jacketee.com/bomber-jackets/royal-blue-softshell-bomber-jacket","200","Custom Royal Blue Soft-Shell Bomber Jacket | Jacketee","53","Shop Royal Blue Soft-Shell Bomber Jacket from our Bomber Jackets collection. Review materials, sizing and customization options, then request a free design","155","Pass"
"https://www.jacketee.com/bomber-jackets/softshell-bomber-jacket-with-panels","200","Custom Stylish Softshell Bomber Jacket with | Jacketee","54","Shop Stylish Softshell Bomber Jacket with Panels from our Bomber Jackets collection. Review materials, sizing and customization options, then request a","151","Pass"
"https://www.jacketee.com/bomber-jackets/stylish-black-sheep-leather-bomber-jacket","200","Custom Stylish Black Sheep Leather Bomber Jacket | Jacketee","59","Shop Stylish Black Sheep Leather Bomber Jacket from our Bomber Jackets collection. Review materials, sizing and customization options, then request a free","154","Pass"
"https://www.jacketee.com/bomber-jackets/bomber-jacket-with-piping-satin-women-girls-mens","200","Custom Bomber Jacket With Piping Satin Women | Jacketee","55","Shop Bomber Jacket With Piping Satin Women Girls Mens from our Bomber Jackets collection. Review materials, sizing and customization options, then request","154","Pass"
"https://www.jacketee.com/bomber-jackets/red-sheep-leather-bomber-jacket","200","Custom Red Sheep Leather Bomber Jacket | Jacketee","49","Shop Red Sheep Leather Bomber Jacket from our Bomber Jackets collection. Review materials, sizing and customization options, then request a free design","151","Pass"
"https://www.jacketee.com/bomber-jackets/leather-jacket-bomber-sheep-mens","200","Custom Leather Jacket Bomber Sheep Mens - Bomber | Jacketee","59","Shop Leather Jacket Bomber Sheep Mens from our Bomber Jackets collection. Review materials, sizing and customization options, then request a free design","152","Pass"
"https://www.jacketee.com/bomber-jackets/camel-brown-suede-leather-bomber-jacket","200","Custom Camel Brown Suede Leather Bomber Jacket | Jacketee","57","Shop Camel Brown Suede Leather Bomber Jacket from our Bomber Jackets collection. Review materials, sizing and customization options, then request a free","152","Pass"
"https://www.jacketee.com/puffer-jackets/navy-blue-puffer-jacket","200","Custom Navy Blue Puffer Jacket | Jacketee","41","Shop Navy Blue Puffer Jacket from our Puffer Jackets collection. Review materials, sizing and customization options, then request a free design mockup","150","Pass"
"https://www.jacketee.com/varsity-jackets/hooded/black-wool-and-white-leather-sleeves-varsity-hoodie-jacket","200","Hooded: Black Wool and White Leather Sleeves | Jacketee","55","Shop Black Wool and White Leather Sleeves Varsity Hoodie Jacket from our Hooded collection. Review materials, sizing and customization options, then","148","Pass"
"https://www.jacketee.com/denim-jackets/blue-denim-jacket","200","Custom Blue Denim Jacket | Jacketee","35","Shop Blue Denim Jacket from our Denim Jackets collection. Review materials, sizing and customization options, then request a free design mockup before","150","Pass"
"https://www.jacketee.com/varsity-jackets","200","Personalized Letterman Jackets | Design Yours | Jacketee","56","Shop personalized letterman jackets in wool, leather, satin and more. Add chenille patches, names, numbers and embroidery for individual or team orders.","152","Pass"
"https://www.jacketee.com/varsity-jackets/wool-leather","200","Custom Wool & Leather Varsity Jackets | Jacketee","48","Classic custom letterman jackets with a melton wool body and genuine leather sleeves. Add chenille patches, names and numbers in your team colors.","146","Pass"
"https://www.jacketee.com/varsity-jackets/all-wool","200","Custom All-Wool Varsity Jackets | Jacketee","42","Warm melton wool varsity jackets made to order in your school or team colors. Add chenille letters, embroidery and custom details. Bulk pricing available.","154","Pass"
"https://www.jacketee.com/varsity-jackets/faux-leather","200","Custom Faux Leather Varsity Jackets | Jacketee","46","Custom varsity jackets with vegan faux leather sleeves. The classic letterman look at a lower price, with patches, names and your team colors.","142","Pass"
"https://www.jacketee.com/varsity-jackets/all-leather","200","Custom Leather Varsity Jackets | Jacketee","41","Premium all-leather letterman jackets in nappa and cowhide, made to order. Personalize with chenille patches, embroidery and your choice of colors.","147","Pass"
"https://www.jacketee.com/varsity-jackets/hooded","200","Custom Hooded Varsity Jackets | Jacketee","40","Custom hooded varsity jackets made to order. Choose your wool body, sleeve colors, chenille patches and embroidery. Individual and team orders.","143","Pass"
"https://www.jacketee.com/varsity-jackets/retro","200","Custom Retro Varsity Jackets | Jacketee","39","Vintage-inspired custom letterman jackets with classic collars and colorways. Add chenille letters and patches for an authentic retro look.","139","Pass"
"https://www.jacketee.com/varsity-jackets/satin","200","Custom Satin Varsity Jackets | Jacketee","39","Lightweight satin varsity jackets with a glossy finish, made to order. Add embroidered names, logos and patches for teams, crews and brands.","140","Pass"
"https://www.jacketee.com/varsity-jackets/fleece","200","Custom Fleece Varsity Jackets | Jacketee","40","Soft, affordable fleece varsity jackets made to order for schools, seniors and teams. Add names, numbers and patches in your colors.","132","Pass"
"https://www.jacketee.com/varsity-jackets/cotton-twill","200","Custom Cotton Twill Varsity Jackets | Jacketee","46","Lightweight cotton twill varsity jackets for warmer weather and everyday wear. Customize colors, embroidery and patches for teams or brands.","140","Pass"
"https://www.jacketee.com/bomber-jackets","200","Custom Bomber Jackets | Leather, Satin & Nylon | Jacketee","57","Custom bomber jackets in leather, suede, satin and nylon. Add your logo, embroidery or patches for teams, events and brands. Bulk orders welcome.","145","Pass"
"https://www.jacketee.com/coach-jackets","200","Custom Coach Jackets for Teams & Brands | Jacketee","50","Lightweight custom coach jackets with screen printing or embroidery. A go-to for coaches, staff, events and streetwear labels.","126","Pass"
"https://www.jacketee.com/denim-jackets","200","Custom Denim Jackets | Embroidery & Patches | Jacketee","54","Custom denim jackets with embroidery, chenille patches and back artwork. Made to order for individuals, teams, crews and brands.","128","Pass"
"https://www.jacketee.com/fleece-hoodies","200","Custom Fleece Hoodies for Schools & Teams | Jacketee","52","Custom fleece hoodies with chenille patches, tackle twill letters and embroidery. Ideal for seniors, leavers, teams and school groups.","134","Pass"
"https://www.jacketee.com/leather-jackets","200","Custom Leather Jackets | Jacketee","33","Genuine leather and suede jackets you can personalize with embroidery, patches and lining details. Crafted to order for individuals and brands.","143","Pass"
"https://www.jacketee.com/puffer-jackets","200","Custom Puffer Jackets with Logo | Jacketee","42","Insulated custom puffer jackets with embroidered or printed logos. Warm options for staff, teams and cold-weather events.","121","Pass"
"https://www.jacketee.com/blog/can-you-wear-a-varsity-jacket-after-high-school-or-college","200","Can You Wear a Varsity Jacket After High School? | Jacketee","59","Wondering if adults can wear varsity jackets after school? Learn how to style letterman jackets after high school or college without looking out of place.","154","Pass"
"https://www.jacketee.com/blog/is-it-weird-to-wear-a-letterman-jacket-in-college","200","Is It Weird to Wear a Letterman Jacket in College? |","52","Learn when a letterman jacket works in college, how to style it, and when to choose a custom college varsity jacket instead.","124","Pass"
"https://www.jacketee.com/blog/varsity-jackets-for-academic-achievement-not-just-sports","200","Varsity Jackets for Academic Achievement | Jacketee","51","See how schools and students use varsity jackets for academic achievement, clubs, leadership, robotics, debate, music, and more.","128","Pass"
"https://www.jacketee.com/blog/do-colleges-and-universities-still-use-varsity-jackets","200","Do Colleges Still Use Varsity Jackets? | Jacketee","49","Explore how colleges and universities use varsity jackets for clubs, teams, alumni, events, and custom student apparel.","119","Pass"
"https://www.jacketee.com/blog/what-does-a-varsity-jacket-represent-today","200","What Does a Varsity Jacket Represent? | Jacketee","48","Understand the meaning of varsity jackets today, from school achievement and team identity to fashion, branding, and personal milestones.","137","Pass"
"https://www.jacketee.com/blog/how-to-style-a-varsity-jacket-for-work-or-business-casual","200","How to Style a Varsity Jacket for Work | Jacketee","49","Learn how adults can style varsity jackets for work, business casual outfits, corporate events, and team apparel.","113","Pass"
"https://www.jacketee.com/blog/are-varsity-jackets-professional-enough-for-business-events","200","Are Varsity Jackets Professional for Business Events? |","55","See when varsity jackets are appropriate for business events, corporate gifting, staff uniforms, launches, and branded campaigns.","129","Pass"
"https://www.jacketee.com/blog/private-label-varsity-jackets-how-brands-can-build-their-own-jacket-line","200","Private Label Varsity Jackets for Brands | Jacketee","51","Learn how private label varsity jackets work, from samples and custom labels to patches, packaging, minimum orders, and reorders.","129","Pass"
"https://www.jacketee.com/blog/private-label-vs-custom-jacket-orders-what-is-the-difference","200","Private Label vs Custom Jacket Orders | Jacketee","48","Compare private label varsity jackets and custom jacket orders so you can choose the right production path for your brand, team, or event.","138","Pass"
"https://www.jacketee.com/blog/varsity-jacket-brand-launch-checklist-labels-samples-packaging-and-reorders","200","Varsity Jacket Brand Launch Checklist | Jacketee","48","Launching a private label varsity jacket? Use this checklist for samples, labels, patches, packaging, sizing, photos, and reorders.","131","Pass"
"https://www.jacketee.com/blog/what-to-put-on-a-varsity-jacket","200","What to Put on a Varsity Jacket: Names, Numbers & Patches |","59","A practical guide to varsity jacket placement — where names, numbers, logos, and patches traditionally go, and when to break from the classic layout.","149","Pass"
"https://www.jacketee.com/blog/retro-varsity-jackets-guide","200","Retro Varsity Jackets: Classic Style & Patch Guide |","52","Build a genuinely retro varsity jacket with the right color-blocking, wide ribbing, and chenille lettering — not just a vintage-adjacent one.","141","Pass"
"https://www.jacketee.com/blog/hooded-varsity-jackets-guide","200","Hooded Varsity Jackets: Modern Letterman Style Guide |","54","What does adding a hood actually change on a varsity jacket? A practical guide to hooded letterman jackets and who they're right for.","133","Pass"
"https://www.jacketee.com/blog/cotton-twill-varsity-jackets-guide","200","Cotton Twill Varsity Jackets: Everyday Style Guide |","52","Cotton twill varsity jackets are lighter and easier to maintain than wool or leather builds. Here's when this fabric is the right call for your order.","150","Pass"
"https://www.jacketee.com/blog/satin-varsity-jackets-guide","200","Satin Varsity Jackets: Lightweight Style Guide | Jacketee","57","Everything to know about satin varsity jackets — how they compare to wool and leather, where they work best, and how to decorate them.","134","Pass"
"https://www.jacketee.com/blog/all-leather-vs-wool-leather-varsity-jacket","200","All-Leather vs Wool-and-Leather Varsity Jackets | Jacketee","58","Comparing all-leather and wool-and-leather varsity jackets? See the real differences in weight, cost, and look to help you choose the right build.","146","Pass"
"https://www.jacketee.com/blog/varsity-jacket-vs-letterman-jacket","200","Varsity Jacket vs Letterman Jacket: What's the Difference? |","60","Varsity jacket or letterman jacket — is there a real difference? We break down the terms, when each is used, and what actually matters when you order.","150","Pass"
"https://www.jacketee.com/blog/how-to-store-varsity-jacket-between-seasons","200","How to Store Your Varsity Jacket Between Seasons Without","56","Learn how to store your custom varsity jacket between seasons the right way. From cleaning leather sleeves to choosing the right garment bag and storage","152","Pass"
"https://www.jacketee.com/blog/custom-jackets-event-merchandise-people-keep","200","How to Use Custom Jackets as Event Merchandise People","53","Learn how to use custom jackets as event merchandise that attendees genuinely value and keep wearing. Discover design, exclusivity, and personalisation","151","Pass"
"https://www.jacketee.com/blog/corporate-away-day-uniforms-custom-jacket-vs-polo","200","Corporate Away Day Uniforms: Why a Custom Jacket Beats a","56","Why choose a custom jacket over a polo shirt for your corporate away day? We break down the benefits of branded jackets for company events.","139","Pass"
"https://www.jacketee.com/blog/sports-teams-custom-jackets-award-nights-banquets","200","Why Sports Teams Are Ordering Custom Jackets for Award","54","Custom jackets are replacing trophies at sports team award nights. Find out why more clubs are ordering varsity jackets for end-of-season banquets.","147","Pass"
"https://www.jacketee.com/blog/custom-graduation-jackets-schools-replacing-gowns-lettermans","200","Custom Graduation Jackets: How Schools Are Replacing Gowns","58","Schools and colleges are ditching graduation gowns for custom letterman jackets. Find out why the trend is growing and how to plan your school's order.","151","Pass"
"https://www.jacketee.com/blog/order-staff-jackets-large-outdoor-event","200","How to Order Staff Jackets for a Large Outdoor Event","52","Planning staff jackets for a large outdoor event? Here's a step-by-step guide to ordering on time, managing sizes, and getting branded event jackets","148","Pass"
"https://www.jacketee.com/blog/what-jacket-colour-says-about-team-brand","200","What Your Jacket Colour Says About Your Team or Brand |","55","The colour of your team jacket sends a message. Learn what black, navy, maroon, red, green and white say about your team or brand.","130","Pass"
"https://www.jacketee.com/blog/oversized-vs-fitted-jacket-silhouette-team","200","Oversized vs Fitted: Which Jacket Silhouette Is Right for","57","Oversized or fitted jacket for your team order? We compare both silhouettes across style, sizing, comfort, and use cases to help you make the right","147","Pass"
"https://www.jacketee.com/blog/streetwear-brands-custom-varsity-jackets-brand-identity","200","How Streetwear Brands Are Using Custom Varsity Jackets to","57","See how streetwear brands use custom varsity jackets to build identity, create exclusivity, and tell their brand story. Learn the strategy behind limited","153","Pass"
"https://www.jacketee.com/blog/most-popular-varsity-jacket-colour-combinations","200","The Most Popular Varsity Jacket Colour Combinations Right","57","Discover the most popular varsity jacket colour combinations right now. From all-black to navy and white, find the perfect palette for your custom team","151","Pass"
"https://www.jacketee.com/blog/custom-jackets-corporate-team-multiple-locations","200","How to Order Custom Jackets for a Corporate Team Across","55","Managing a custom jacket order for a corporate team spread across multiple sites? Here's how to handle sizes, design approval, and delivery logistics.","150","Pass"
"https://www.jacketee.com/blog/group-jacket-orders-manage-approvals-sizes-payments","200","Group Jacket Orders: How to Manage Approvals, Sizes &","53","Coordinating a group jacket order? Learn how to manage design approvals, collect sizes efficiently, and handle payments as a team without the chaos.","148","Pass"
"https://www.jacketee.com/blog/how-to-write-design-brief-custom-jacket-order","200","How to Write a Design Brief for Your Custom Jacket Order","56","Learn how to write a clear design brief for your custom jacket order. Includes examples for colours, logo placement, personalisation, and more.","143","Pass"
"https://www.jacketee.com/blog/best-jackets-school-uniforms-buying-guide","200","Best School Uniform Jackets | What to Look For | Jacketee","57","Find quality school jackets with durability, comfort, and customization. Perfect for uniforms, team spirit, and institutional pride. Order bulk school","150","Pass"
"https://www.jacketee.com/blog/ultimate-jacket-buying-guide-first-time-shoppers","200","Ultimate Jacket Buying Guide for Beginners | First-Time","55","Complete jacket buying guide for first-time shoppers. Learn fit, materials, quality, and styles. Expert tips for choosing the perfect jacket.","141","Pass"
"https://www.jacketee.com/blog/how-long-does-a-custom-jacket-order-take-production-shipping-timelines-explained","200","How Long Does a Custom Jacket Order Take? | Jacketee","52","Production and shipping timelines for custom jackets, from single orders to large wholesale runs — plus a deadline cheat sheet to plan your order.","146","Pass"
"https://www.jacketee.com/blog/7-ways-personalise-varsity-jacket-beyond-standard-letter","200","7 Ways to Personalise a Varsity Jacket Beyond the Standard","58","Go beyond the basic letter patch. Discover 7 creative ways to personalise a varsity jacket — from full-back embroidery and custom linings to sleeve stripes","155","Pass"
"https://www.jacketee.com/blog/puffer-vs-fleece-hoodie-cold-weather-group-orders","200","Puffer vs Fleece Hoodie: Which Is Better for Cold Weather","57","Puffer jacket or fleece hoodie for your winter group order? Compare warmth, cost, customisation and practicality to choose the right cold-weather garment.","154","Pass"
"https://www.jacketee.com/blog/coach-jacket-vs-bomber-jacket-corporate-uniforms","200","Coach Jacket vs Bomber Jacket: Which Works Better for","53","Compare coach jackets and bomber jackets for corporate uniforms. Find out which style works best for your team's brand, environment, and budget.","144","Pass"
"https://www.jacketee.com/blog/genuine-leather-vs-faux-leather-sleeves-custom-jacket","200","Genuine Leather vs Faux Leather Sleeves: What's the Real","56","Genuine leather or faux leather for your varsity jacket sleeves? Compare quality, cost, durability and maintenance to make the right choice.","140","Pass"
"https://www.jacketee.com/blog/wool-vs-twill-body-fabric-custom-jacket","200","Wool vs Twill Body: Which Fabric Should You Choose for Your","59","Confused between wool and twill for your custom jacket body? We break down the look, feel, durability, and cost of each so you can make the right call.","151","Pass"
"https://www.jacketee.com/blog/varsity-jacket-vs-bomber-jacket-which-one-right-for-team","200","Varsity Jacket vs Bomber Jacket: Which One Is Right for Your","60","Not sure whether to choose a varsity or bomber jacket for your team? Compare styles, fabrics, customisation options, and costs to find the right fit.","149","Pass"
"https://www.jacketee.com/blog/what-does-a-custom-jacket-cost-pricing-guide-for-schools-teams-brands","200","What Does a Custom Jacket Cost? Pricing Guide | Jacketee","56","Custom jacket pricing explained — what affects cost, estimated price ranges by order size, and how to get an accurate quote for schools, teams, and brands.","155","Pass"
"https://www.jacketee.com/blog/what-to-do-if-jacket-patch-peeling-loosening","200","What to Do If Your Jacket Patch Starts to Peel or Loosen |","58","Jacket patch starting to peel or lift? Don't panic. Here are the exact steps to fix a peeling varsity jacket patch at home — and when to contact your","149","Pass"
"https://www.jacketee.com/blog/why-jacket-fit-matters-how-to-get-it-right","200","Why Jacket Fit Matters More Than You Think — and How to Get","59","Fit is the most underrated element of any custom jacket order. Learn why poor fit ruins even the best design, how to measure correctly for a group order,","153","Pass"
"https://www.jacketee.com/blog/leather-vs-coated-bomber-jacket","200","Leather vs Coated Bomber Jackets: Which to Choose? |","52","Leather or coated (nylon/softshell) bomber jacket? Compare weight, weather resistance, cost, and customisation to choose the right build for your order.","152","Pass"
"https://www.jacketee.com/blog/difference-between-cheap-and-expensive-custom-jacket-what-you-pay-for","200","The Difference Between a $50 and a $150 Custom Jacket: What","59","Why do custom jackets vary so much in price? We break down exactly what changes between a budget jacket and a premium one — from fabric and construction to","155","Pass"
"https://www.jacketee.com/blog/how-jacketee-quality-check-works-before-order-ships","200","How Our Quality Check Works Before Your Custom Jacket Order","59","See exactly how every custom jacket is inspected before shipping — from design accuracy and embroidery checks to size verification and final presentation.","154","Pass"
"https://www.jacketee.com/blog/bomber-vs-varsity-vs-puffer-jacket-guide-2025","200","Bomber vs Varsity vs Puffer Jackets | Compare & Buy Best","56","Compare bomber, varsity, and puffer jackets. Find the perfect jacket style for your climate, lifestyle & personal preferences.","126","Pass"
"https://www.jacketee.com/blog/design-your-own-custom-jacket-online","200","Design Your Own Custom Jacket Online | Jacketee","47","Step-by-step: pick jacket style, materials, colors, patches, and review your custom design online before production.","116","Pass"
"https://www.jacketee.com/blog/letterman-patches-chenille-embroidery-guide","200","Letterman Patches: Chenille vs Embroidery | Jacketee Guide","58","Chenille, embroidery, and tackle twill on letterman jackets: differences, durability, and design tips for schools and teams.","124","Pass"
"https://www.jacketee.com/blog/wholesale-custom-jackets-schools-teams","200","Wholesale Custom Jackets for Schools & Teams | Jacketee","55","Plan wholesale custom jackets for schools, sports teams, and companies: artwork, quantities, timelines, and decoration.","119","Pass"
"https://www.jacketee.com/blog/how-to-choose-custom-varsity-jacket-size","200","Custom Varsity Jacket Size Guide: Measurements & Fit Tips |","59","How to size a custom varsity or letterman jacket: chest, sleeve length, layering, and when to size up for chenille layouts.","123","Pass"
"https://www.jacketee.com/blog/varsity-jackets-trends-2025","200","Varsity Jacket Trends 2025–2026 | Custom Colors & Styles |","58","Trend-forward ideas for custom varsity jackets: palettes, fabrics, sleeve finishes, patches, and group-order branding.","118","Pass"
"https://www.jacketee.com/blog/how-to-clean-a-varsity-jacket","200","How to Clean a Varsity Letter Jacket | Wool, Leather &","54","Safe cleaning tips for custom varsity and letterman jackets: wool body, leather sleeves, embroidery, chenille, and rib trim.","124","Pass"
"https://www.jacketee.com/blog/what-is-a-bomber-jacket","200","What Is a Bomber Jacket? Fit, History & vs Varsity |","52","Bomber jacket basics: origins, rib collar, materials (leather, nylon, satin), and how bombers differ from varsity letterman jackets.","132","Pass"
"https://www.jacketee.com/blog/category/decoration","200","Decoration — Jacketee Blog","26","Browse Decoration articles from the Jacketee Journal.","53","Pass"
"https://www.jacketee.com/blog/category/style-trends","200","Style & Trends — Jacketee Blog","30","Browse Style & Trends articles from the Jacketee Journal.","57","Pass"
"https://www.jacketee.com/blog/category/style-guides","200","Style Guides — Jacketee Blog","28","Browse Style Guides articles from the Jacketee Journal.","55","Pass"
"https://www.jacketee.com/blog/category/custom-jackets","200","Custom Jackets — Jacketee Blog","30","Browse Custom Jackets articles from the Jacketee Journal.","57","Pass"
"https://www.jacketee.com/blog/category/buying-guides","200","Buying Guides — Jacketee Blog","29","Browse Buying Guides articles from the Jacketee Journal.","56","Pass"
"https://www.jacketee.com/blog/category/how-to","200","How To — Jacketee Blog","22","Browse How To articles from the Jacketee Journal.","49","Pass"
"https://www.jacketee.com/blog/category/group-orders","200","Group Orders — Jacketee Blog","28","Browse Group Orders articles from the Jacketee Journal.","55","Pass"
"https://www.jacketee.com/blog/category/sizing","200","Sizing — Jacketee Blog","22","Browse Sizing articles from the Jacketee Journal.","49","Pass"
"https://www.jacketee.com/blog/category/care-guides","200","Care Guides — Jacketee Blog","27","Browse Care Guides articles from the Jacketee Journal.","54","Pass"
"https://www.jacketee.com/blog/category/varsity-jacket-guides","200","Varsity Jacket Guides — Jacketee Blog","37","Sizing, styling, meaning, and buying guides for varsity jackets.","64","Pass"
"https://www.jacketee.com/blog/category/bulk-orders","200","Bulk Orders — Jacketee Blog","27","Guides for school, team, corporate, and event jacket orders.","60","Pass"
"https://www.jacketee.com/blog/category/private-label","200","Private Label — Jacketee Blog","29","Manufacturing and branding guides for private label jacket programs.","68","Pass"
"https://www.jacketee.com/blog/category/corporate-style","200","Corporate Style — Jacketee Blog","31","Professional styling ideas for branded jackets and workplace apparel.","69","Pass"
