old_url,new_url
"/bomber-jackets/bomber-jacket","/bomber-jackets"
"/bomber-jackets/bomber-jacket/bomber-jacket-goat-suede-blue","/bomber-jackets/softshell-bomber-jacket-with-panels"
"/bomber-jackets/bomber-jacket/bomber-jacket-with-piping-satin-women-girls-mens","/bomber-jackets/bomber-jacket-with-piping-satin-women-girls-mens"
"/bomber-jackets/bomber-jacket/college-bomber-class","/bomber-jackets/royal-blue-softshell-bomber-jacket"
"/bomber-jackets/bomber-jacket/corporate-event-team-bomber-jackets","/bomber-jackets/black-nylon-bomber-jacket"
"/bomber-jackets/bomber-jacket/custom-bomber-jackets","/bomber-jackets/royal-blue-nylon-bomber-jacket"
"/bomber-jackets/bomber-jacket/leather-jacket-bomber-sheep-mens","/bomber-jackets/leather-jacket-bomber-sheep-mens"
"/bomber-jackets/bomber-jacket/lightweight-bomber-jacket-womens-spring-outfit-on-steps","/bomber-jackets/red-satin-bomber-jacket"
"/bomber-jackets/bomber-jacket/premium-qaulity-sheep-leather-bomber-jacket-in-red","/bomber-jackets/red-sheep-leather-bomber-jacket"
"/bomber-jackets/bomber-jacket/premium-quality-suede-bomber-jacket","/bomber-jackets/camel-brown-suede-leather-bomber-jacket"
"/bomber-jackets/bomber-jacket/sheep-leather-bomber-jacket","/bomber-jackets/sky-blue-satin-bomber-jacket-womens"
"/bomber-jackets/bomber-jacket/stylish-black-sheep-leather-bomber-jacket","/bomber-jackets/stylish-black-sheep-leather-bomber-jacket"
"/coach-jackets/coach-jacket","/coach-jackets"
"/coach-jackets/coach-jacket/coach-jacket-red-nylon-twill","/coach-jackets/coach-jacket-red-nylon-twill"
"/coach-jackets/coach-jacket/coach-jacket-vs-puffer-jacket-city-rain-evening","/coach-jackets/black-orange-hooded-jacket"
"/coach-jackets/coach-jacket/custom-coach-jackets","/coach-jackets/black-coach-jacket"
"/coach-jackets/coach-jacket/high-school-football-coach-navy-coach-jacket-sideline","/coach-jackets/high-school-football-coach-navy-coach-jacket-sideline"
"/coach-jackets/coach-jacket/royal-blue-coach-jacket-for-men-and-women","/coach-jackets/royal-blue-coach-jacket-for-men-and-women"
"/coach-jackets/coach-jacket/screen-print-coach-jacket","/coach-jackets/screen-print-coach-jacket"
"/denim-jackets/denim-jacket","/denim-jackets"
"/denim-jackets/denim-jacket/blue-denim-jacket","/denim-jackets/blue-denim-jacket"
"/denim-jackets/denim-jacket/custom-denim-jacket-for-mens","/denim-jackets/custom-denim-jacket-for-mens"
"/denim-jackets/denim-jacket/denim-jacket-for-mens-and-women","/denim-jackets/denim-jacket-for-mens-and-women"
"/denim-jackets/denim-jacket/stylish-denim-jacket-for-womens","/denim-jackets/stylish-denim-jacket-for-womens"
"/fleece-hoodies/hoodies","/fleece-hoodies"
"/fleece-hoodies/hoodies/big-tackle-twill-letters-on-hoodie","/fleece-hoodies/big-tackle-twill-letters-on-hoodie"
"/fleece-hoodies/hoodies/chenille-hoodie-chest-badge-circle","/fleece-hoodies/chenille-hoodie-chest-badge-circle"
"/fleece-hoodies/hoodies/customizable-zipper-fleece-hoodie-in-red","/fleece-hoodies/customizable-zipper-fleece-hoodie-in-red"
"/fleece-hoodies/hoodies/dtf-print-on-hoodie","/fleece-hoodies/dtf-print-on-hoodie"
"/fleece-hoodies/hoodies/fleece-leavers-hoodie-cream-navy-athletic-gold","/fleece-hoodies/fleece-leavers-hoodie-cream-navy-athletic-gold"
"/fleece-hoodies/hoodies/seniors-zipper-fleece-hoodie-in-royal-blue-and-light-grey","/fleece-hoodies/seniors-zipper-fleece-hoodie-in-royal-blue-and-light-grey"
"/fleece-hoodies/hoodies/wool-and-leather-hoodie","/fleece-hoodies/wool-and-leather-hoodie"
"/fleece-hoodies/hoodies/yorkshire-felt-lettering-on-hoodie","/fleece-hoodies/yorkshire-felt-lettering-on-hoodie"
"/leather-jackets/all-leather-nappa-varsity-jacket-gold-black","/varsity-jackets/all-leather/all-leather-nappa-varsity-jacket-gold-black"
"/puffer-jackets/puffer-jacket","/puffer-jackets"
"/puffer-jackets/puffer-jacket/black-puffer-jacket-for-mens","/puffer-jackets/black-puffer-jacket-for-mens"
"/puffer-jackets/puffer-jacket/colorblock-puffer-jacket-for-men-and-women","/puffer-jackets/colorblock-puffer-jacket-for-men-and-women"
"/puffer-jackets/puffer-jacket/navy-blue-puffer-jacket","/puffer-jackets/navy-blue-puffer-jacket"
"/puffer-jackets/puffer-jacket/puffer-jacket-zippered-black","/puffer-jackets/puffer-jacket-zippered-black"
"/puffer-jackets/puffer-jacket/red-puffer-jacket-for-mens-and-women","/puffer-jackets/red-puffer-jacket-for-mens-and-women"
"/varsity-jackets/all-leather/luxurious-all-black-nappa-leather-letterman-jacket-leather-jackets","/varsity-jackets/all-leather/all-black-nappa-leather-letterman-jacket"
"/varsity-jackets/all-wool/cardinal-wool-varsity-jacket-varsity-jacket","/varsity-jackets/all-wool/cardinal-wool-varsity-jacket"
"/varsity-jackets/satin/baby-pink-letterman-jacket-with-hood","/varsity-jackets/hooded/baby-pink-letterman-jacket-with-hood"
"/varsity-jackets/satin/black-wool-and-black-leather-sleeves-letterman-jacket","/varsity-jackets/wool-leather/black-wool-and-black-leather-sleeves-letterman-jacket"
"/varsity-jackets/satin/black-wool-and-white-leather-sleeves-letterman-jacket","/varsity-jackets/wool-leather/black-wool-and-white-leather-sleeves-letterman-jacket"
"/varsity-jackets/satin/classic-melton-wool-varsity-letterman-jackets-high-schools","/varsity-jackets/all-wool/classic-melton-wool-varsity-letterman-jackets-high-schools"
"/varsity-jackets/satin/classic-wool-leather-varsity-jacket","/varsity-jackets/satin/satin-varsity-jacket-with-piping"
"/varsity-jackets/satin/clemson-varsity-jacket-orange-white","/varsity-jackets/all-wool/orange-white-wool-varsity-jacket"
"/varsity-jackets/satin/clothing-cotton-varsity-jackets-lightweight-us-football-game","/varsity-jackets/cotton-twill/lightweight-cotton-varsity-jacket"
"/varsity-jackets/satin/cotton-fleece-varsity-jackets-schools-seniors-affordable","/varsity-jackets/fleece/cotton-fleece-varsity-jackets-schools-seniors-affordable"
"/varsity-jackets/satin/dark-green-wool-and-gold-leather-sleeves-letterman-jacket","/varsity-jackets/wool-leather/dark-green-wool-and-gold-leather-sleeves-letterman-jacket"
"/varsity-jackets/satin/denim-varsity-jacket-cotton-twill-sleeves","/varsity-jackets/cotton-twill/denim-varsity-jacket-cotton-twill-sleeves"
"/varsity-jackets/satin/maroon-letterman-jacket-hood","/varsity-jackets/hooded/maroon-letterman-jacket-hood"
"/varsity-jackets/satin/red-wool-varsity-jacket-with-hood-black-leather-sleeves","/varsity-jackets/hooded/red-wool-varsity-jacket-with-hood-black-leather-sleeves"
"/varsity-jackets/satin/royal-blue-wool-and-gold-leather-sleeves-letterman-jacket","/varsity-jackets/wool-leather/royal-blue-wool-and-gold-leather-sleeves-letterman-jacket"
"/varsity-jackets/satin/royal-blue-wool-and-white-leather-sleeves-letterman-jacket","/varsity-jackets/wool-leather/royal-blue-wool-and-white-leather-sleeves-letterman-jacket"
"/varsity-jackets/wool-leather/black-athletic-gold-varsity-jacket-with-hood","/varsity-jackets/hooded/red-wool-white-leather-sleeves-varsity-jacket-with-hood"
